-- MySQL dump 10.13  Distrib 5.1.67, for debian-linux-gnu (i486)
--
-- Host: localhost    Database: restaurantaide
-- ------------------------------------------------------
-- Server version	5.1.67-0ubuntu0.10.04.1-log

/*!40101 SET @OLD_CHARACTER_SET_CLIENT=@@CHARACTER_SET_CLIENT */;
/*!40101 SET @OLD_CHARACTER_SET_RESULTS=@@CHARACTER_SET_RESULTS */;
/*!40101 SET @OLD_COLLATION_CONNECTION=@@COLLATION_CONNECTION */;
/*!40101 SET NAMES utf8 */;
/*!40103 SET @OLD_TIME_ZONE=@@TIME_ZONE */;
/*!40103 SET TIME_ZONE='+00:00' */;
/*!40014 SET @OLD_UNIQUE_CHECKS=@@UNIQUE_CHECKS, UNIQUE_CHECKS=0 */;
/*!40014 SET @OLD_FOREIGN_KEY_CHECKS=@@FOREIGN_KEY_CHECKS, FOREIGN_KEY_CHECKS=0 */;
/*!40101 SET @OLD_SQL_MODE=@@SQL_MODE, SQL_MODE='NO_AUTO_VALUE_ON_ZERO' */;
/*!40111 SET @OLD_SQL_NOTES=@@SQL_NOTES, SQL_NOTES=0 */;

--
-- Table structure for table `acl_permissions`
--

DROP TABLE IF EXISTS `acl_permissions`;
/*!40101 SET @saved_cs_client     = @@character_set_client */;
/*!40101 SET character_set_client = utf8 */;
CREATE TABLE `acl_permissions` (
  `id` int(11) NOT NULL AUTO_INCREMENT,
  `url` varchar(250) DEFAULT NULL,
  `group_id` int(11) DEFAULT NULL,
  `created` datetime NOT NULL,
  `modified` datetime NOT NULL,
  PRIMARY KEY (`id`)
) ENGINE=InnoDB AUTO_INCREMENT=42 DEFAULT CHARSET=latin1;
/*!40101 SET character_set_client = @saved_cs_client */;

--
-- Dumping data for table `acl_permissions`
--

LOCK TABLES `acl_permissions` WRITE;
/*!40000 ALTER TABLE `acl_permissions` DISABLE KEYS */;
INSERT INTO `acl_permissions` VALUES (1,'controllers/Admins',1,'2013-02-08 18:02:03','2013-02-08 18:02:03'),(2,'controllers/Categories',1,'2013-02-08 18:02:03','2013-02-08 18:02:03'),(3,'controllers/Companies',1,'2013-02-08 18:02:03','2013-02-08 18:02:03'),(4,'controllers/Groups',1,'2013-02-08 18:02:03','2013-02-08 18:02:03'),(5,'controllers/Menus',1,'2013-02-08 18:02:03','2013-02-08 18:02:03'),(6,'controllers/Orders',1,'2013-02-08 18:02:03','2013-02-08 18:02:03'),(7,'controllers/Pages',1,'2013-02-08 18:02:03','2013-02-08 18:02:03'),(8,'controllers/Printers',1,'2013-02-08 18:02:03','2013-02-08 18:02:03'),(9,'controllers/Reports',1,'2013-02-08 18:02:03','2013-02-08 18:02:03'),(10,'controllers/TaxInfos',1,'2013-02-08 18:02:03','2013-02-08 18:02:03'),(11,'controllers/Users',1,'2013-02-08 18:02:03','2013-02-08 18:02:03'),(12,'controllers/FusionCharts',1,'2013-02-08 18:02:03','2013-02-08 18:02:03'),(13,'controllers/Admins',2,'2013-02-08 18:34:23','2013-02-08 18:34:23'),(14,'controllers/Categories',2,'2013-02-08 18:34:23','2013-02-08 18:34:23'),(15,'controllers/Companies',2,'2013-02-08 18:34:23','2013-02-08 18:34:23'),(16,'controllers/Menus',2,'2013-02-08 18:34:23','2013-02-08 18:34:23'),(17,'controllers/Orders',2,'2013-02-08 18:34:23','2013-02-08 18:34:23'),(18,'controllers/Pages',2,'2013-02-08 18:34:23','2013-02-08 18:34:23'),(19,'controllers/Printers',2,'2013-02-08 18:34:23','2013-02-08 18:34:23'),(20,'controllers/Reports',2,'2013-02-08 18:34:23','2013-02-08 18:34:23'),(21,'controllers/TaxInfos',2,'2013-02-08 18:34:23','2013-02-08 18:34:23'),(22,'controllers/Users',2,'2013-02-08 18:34:23','2013-02-08 18:34:23'),(23,'controllers/FusionCharts',2,'2013-02-08 18:34:23','2013-02-08 18:34:23'),(24,'controllers/Admins',3,'2013-02-08 18:35:25','2013-02-08 18:35:25'),(25,'controllers/Categories',3,'2013-02-08 18:35:25','2013-02-08 18:35:25'),(26,'controllers/Companies',3,'2013-02-08 18:35:25','2013-02-08 18:35:25'),(27,'controllers/Orders',3,'2013-02-08 18:35:25','2013-02-08 18:35:25'),(28,'controllers/Pages',3,'2013-02-08 18:35:25','2013-02-08 18:35:25'),(29,'controllers/Printers',3,'2013-02-08 18:35:25','2013-02-08 18:35:25'),(30,'controllers/Reports',3,'2013-02-08 18:35:25','2013-02-08 18:35:25'),(31,'controllers/TaxInfos',3,'2013-02-08 18:35:25','2013-02-08 18:35:25'),(32,'controllers/Users',3,'2013-02-08 18:35:25','2013-02-08 18:35:25'),(33,'controllers/FusionCharts',3,'2013-02-08 18:35:25','2013-02-08 18:35:25'),(34,'controllers/Admins/login',4,'2013-02-08 18:36:45','2013-02-08 18:36:45'),(35,'controllers/Admins/logout',4,'2013-02-08 18:36:45','2013-02-08 18:36:45'),(36,'controllers/Admins/index',4,'2013-02-08 18:36:45','2013-02-08 18:36:45'),(37,'controllers/Admins/retract',4,'2013-02-08 18:36:45','2013-02-08 18:36:45'),(38,'controllers/Admins/delete',4,'2013-02-08 18:36:45','2013-02-08 18:36:45'),(39,'controllers/Pages',4,'2013-02-08 18:36:45','2013-02-08 18:36:45'),(40,'controllers/Printers',4,'2013-02-08 18:36:45','2013-02-08 18:36:45'),(41,'controllers/Users/view',4,'2013-02-08 18:36:45','2013-02-08 18:36:45');
/*!40000 ALTER TABLE `acl_permissions` ENABLE KEYS */;
UNLOCK TABLES;

--
-- Table structure for table `acos`
--

DROP TABLE IF EXISTS `acos`;
/*!40101 SET @saved_cs_client     = @@character_set_client */;
/*!40101 SET character_set_client = utf8 */;
CREATE TABLE `acos` (
  `id` int(10) NOT NULL AUTO_INCREMENT,
  `parent_id` int(10) DEFAULT NULL,
  `model` varchar(255) DEFAULT NULL,
  `foreign_key` int(10) DEFAULT NULL,
  `alias` varchar(255) DEFAULT NULL,
  `lft` int(10) DEFAULT NULL,
  `rght` int(10) DEFAULT NULL,
  PRIMARY KEY (`id`)
) ENGINE=InnoDB AUTO_INCREMENT=129 DEFAULT CHARSET=latin1;
/*!40101 SET character_set_client = @saved_cs_client */;

--
-- Dumping data for table `acos`
--

LOCK TABLES `acos` WRITE;
/*!40000 ALTER TABLE `acos` DISABLE KEYS */;
INSERT INTO `acos` VALUES (1,NULL,NULL,NULL,'controllers',1,256),(2,1,NULL,NULL,'Admins',2,19),(3,2,NULL,NULL,'login',3,4),(4,2,NULL,NULL,'logout',5,6),(5,2,NULL,NULL,'index',7,8),(6,2,NULL,NULL,'retract',9,10),(7,2,NULL,NULL,'delete',11,12),(8,2,NULL,NULL,'add',13,14),(9,2,NULL,NULL,'edit',15,16),(10,2,NULL,NULL,'view',17,18),(11,1,NULL,NULL,'Categories',20,31),(12,11,NULL,NULL,'index',21,22),(13,11,NULL,NULL,'view',23,24),(14,11,NULL,NULL,'add',25,26),(15,11,NULL,NULL,'edit',27,28),(16,11,NULL,NULL,'delete',29,30),(17,1,NULL,NULL,'Companies',32,43),(18,17,NULL,NULL,'index',33,34),(19,17,NULL,NULL,'view',35,36),(20,17,NULL,NULL,'add',37,38),(21,17,NULL,NULL,'edit',39,40),(22,17,NULL,NULL,'delete',41,42),(23,1,NULL,NULL,'Groups',44,57),(24,23,NULL,NULL,'index',45,46),(25,23,NULL,NULL,'view',47,48),(26,23,NULL,NULL,'add',49,50),(27,23,NULL,NULL,'initializeAcl',51,52),(28,23,NULL,NULL,'edit',53,54),(29,23,NULL,NULL,'delete',55,56),(30,1,NULL,NULL,'Menus',58,71),(31,30,NULL,NULL,'index',59,60),(32,30,NULL,NULL,'view',61,62),(33,30,NULL,NULL,'add',63,64),(34,30,NULL,NULL,'edit',65,66),(35,30,NULL,NULL,'delete',67,68),(36,30,NULL,NULL,'request',69,70),(37,1,NULL,NULL,'Orders',72,83),(38,37,NULL,NULL,'index',73,74),(39,37,NULL,NULL,'view',75,76),(40,37,NULL,NULL,'add',77,78),(41,37,NULL,NULL,'edit',79,80),(42,37,NULL,NULL,'delete',81,82),(43,1,NULL,NULL,'Pages',84,97),(44,43,NULL,NULL,'display',85,86),(45,43,NULL,NULL,'add',87,88),(46,43,NULL,NULL,'edit',89,90),(47,43,NULL,NULL,'index',91,92),(48,43,NULL,NULL,'view',93,94),(49,43,NULL,NULL,'delete',95,96),(50,1,NULL,NULL,'Printers',98,109),(51,50,NULL,NULL,'index',99,100),(52,50,NULL,NULL,'view',101,102),(53,50,NULL,NULL,'add',103,104),(54,50,NULL,NULL,'edit',105,106),(55,50,NULL,NULL,'delete',107,108),(56,1,NULL,NULL,'Reports',110,145),(57,56,NULL,NULL,'index',111,112),(58,56,NULL,NULL,'today',113,114),(59,56,NULL,NULL,'yesterday',115,116),(60,56,NULL,NULL,'byDates',117,118),(61,56,NULL,NULL,'thisWeek',119,120),(62,56,NULL,NULL,'lastWeek',121,122),(63,56,NULL,NULL,'byWeeks',123,124),(64,56,NULL,NULL,'thisMonth',125,126),(65,56,NULL,NULL,'lastMonth',127,128),(66,56,NULL,NULL,'byMonth',129,130),(67,56,NULL,NULL,'thisYear',131,132),(68,56,NULL,NULL,'lastYear',133,134),(69,56,NULL,NULL,'byYear',135,136),(70,56,NULL,NULL,'add',137,138),(71,56,NULL,NULL,'edit',139,140),(72,56,NULL,NULL,'view',141,142),(73,56,NULL,NULL,'delete',143,144),(74,1,NULL,NULL,'TaxInfos',146,157),(75,74,NULL,NULL,'index',147,148),(76,74,NULL,NULL,'view',149,150),(77,74,NULL,NULL,'add',151,152),(78,74,NULL,NULL,'edit',153,154),(79,74,NULL,NULL,'delete',155,156),(80,1,NULL,NULL,'Users',158,169),(81,80,NULL,NULL,'index',159,160),(82,80,NULL,NULL,'view',161,162),(83,80,NULL,NULL,'add',163,164),(84,80,NULL,NULL,'edit',165,166),(85,80,NULL,NULL,'delete',167,168),(86,1,NULL,NULL,'FusionCharts',170,255),(87,86,NULL,NULL,'',171,182),(88,87,NULL,NULL,'add',172,173),(89,87,NULL,NULL,'edit',174,175),(90,87,NULL,NULL,'index',176,177),(91,87,NULL,NULL,'view',178,179),(92,87,NULL,NULL,'delete',180,181),(93,86,NULL,NULL,'',183,194),(94,93,NULL,NULL,'add',184,185),(95,93,NULL,NULL,'edit',186,187),(96,93,NULL,NULL,'index',188,189),(97,93,NULL,NULL,'view',190,191),(98,93,NULL,NULL,'delete',192,193),(99,86,NULL,NULL,'',195,206),(100,99,NULL,NULL,'add',196,197),(101,99,NULL,NULL,'edit',198,199),(102,99,NULL,NULL,'index',200,201),(103,99,NULL,NULL,'view',202,203),(104,99,NULL,NULL,'delete',204,205),(105,86,NULL,NULL,'',207,218),(106,105,NULL,NULL,'add',208,209),(107,105,NULL,NULL,'edit',210,211),(108,105,NULL,NULL,'index',212,213),(109,105,NULL,NULL,'view',214,215),(110,105,NULL,NULL,'delete',216,217),(111,86,NULL,NULL,'',219,230),(112,111,NULL,NULL,'add',220,221),(113,111,NULL,NULL,'edit',222,223),(114,111,NULL,NULL,'index',224,225),(115,111,NULL,NULL,'view',226,227),(116,111,NULL,NULL,'delete',228,229),(117,86,NULL,NULL,'',231,242),(118,117,NULL,NULL,'add',232,233),(119,117,NULL,NULL,'edit',234,235),(120,117,NULL,NULL,'index',236,237),(121,117,NULL,NULL,'view',238,239),(122,117,NULL,NULL,'delete',240,241),(123,86,NULL,NULL,'',243,254),(124,123,NULL,NULL,'add',244,245),(125,123,NULL,NULL,'edit',246,247),(126,123,NULL,NULL,'index',248,249),(127,123,NULL,NULL,'view',250,251),(128,123,NULL,NULL,'delete',252,253);
/*!40000 ALTER TABLE `acos` ENABLE KEYS */;
UNLOCK TABLES;

--
-- Table structure for table `aros`
--

DROP TABLE IF EXISTS `aros`;
/*!40101 SET @saved_cs_client     = @@character_set_client */;
/*!40101 SET character_set_client = utf8 */;
CREATE TABLE `aros` (
  `id` int(10) NOT NULL AUTO_INCREMENT,
  `parent_id` int(10) DEFAULT NULL,
  `model` varchar(255) DEFAULT NULL,
  `foreign_key` int(10) DEFAULT NULL,
  `alias` varchar(255) DEFAULT NULL,
  `lft` int(10) DEFAULT NULL,
  `rght` int(10) DEFAULT NULL,
  PRIMARY KEY (`id`)
) ENGINE=InnoDB AUTO_INCREMENT=8 DEFAULT CHARSET=latin1;
/*!40101 SET character_set_client = @saved_cs_client */;

--
-- Dumping data for table `aros`
--

LOCK TABLES `aros` WRITE;
/*!40000 ALTER TABLE `aros` DISABLE KEYS */;
INSERT INTO `aros` VALUES (1,NULL,'Group',1,NULL,1,6),(2,1,'User',1,NULL,2,3),(3,NULL,'Group',2,NULL,7,8),(4,NULL,'Group',3,NULL,9,10),(5,NULL,'Group',4,NULL,11,14),(6,5,'User',2,NULL,12,13),(7,1,'User',3,NULL,4,5);
/*!40000 ALTER TABLE `aros` ENABLE KEYS */;
UNLOCK TABLES;

--
-- Table structure for table `aros_acos`
--

DROP TABLE IF EXISTS `aros_acos`;
/*!40101 SET @saved_cs_client     = @@character_set_client */;
/*!40101 SET character_set_client = utf8 */;
CREATE TABLE `aros_acos` (
  `id` int(10) NOT NULL AUTO_INCREMENT,
  `aro_id` int(10) NOT NULL,
  `aco_id` int(10) NOT NULL,
  `_create` varchar(2) NOT NULL DEFAULT '0',
  `_read` varchar(2) NOT NULL DEFAULT '0',
  `_update` varchar(2) NOT NULL DEFAULT '0',
  `_delete` varchar(2) NOT NULL DEFAULT '0',
  PRIMARY KEY (`id`),
  UNIQUE KEY `ARO_ACO_KEY` (`aro_id`,`aco_id`)
) ENGINE=InnoDB AUTO_INCREMENT=34 DEFAULT CHARSET=latin1;
/*!40101 SET character_set_client = @saved_cs_client */;

--
-- Dumping data for table `aros_acos`
--

LOCK TABLES `aros_acos` WRITE;
/*!40000 ALTER TABLE `aros_acos` DISABLE KEYS */;
INSERT INTO `aros_acos` VALUES (1,1,1,'1','1','1','1'),(2,3,1,'-1','-1','-1','-1'),(3,3,2,'1','1','1','1'),(4,3,11,'1','1','1','1'),(5,3,17,'1','1','1','1'),(6,3,30,'1','1','1','1'),(7,3,37,'1','1','1','1'),(8,3,43,'1','1','1','1'),(9,3,50,'1','1','1','1'),(10,3,56,'1','1','1','1'),(11,3,74,'1','1','1','1'),(12,3,80,'1','1','1','1'),(13,3,86,'1','1','1','1'),(14,4,1,'-1','-1','-1','-1'),(15,4,2,'1','1','1','1'),(16,4,11,'1','1','1','1'),(17,4,17,'1','1','1','1'),(18,4,37,'1','1','1','1'),(19,4,43,'1','1','1','1'),(20,4,50,'1','1','1','1'),(21,4,56,'1','1','1','1'),(22,4,74,'1','1','1','1'),(23,4,80,'1','1','1','1'),(24,4,86,'1','1','1','1'),(25,5,1,'-1','-1','-1','-1'),(26,5,3,'1','1','1','1'),(27,5,4,'1','1','1','1'),(28,5,5,'1','1','1','1'),(29,5,6,'1','1','1','1'),(30,5,7,'1','1','1','1'),(31,5,43,'1','1','1','1'),(32,5,50,'1','1','1','1'),(33,5,82,'1','1','1','1');
/*!40000 ALTER TABLE `aros_acos` ENABLE KEYS */;
UNLOCK TABLES;

--
-- Table structure for table `categories`
--

DROP TABLE IF EXISTS `categories`;
/*!40101 SET @saved_cs_client     = @@character_set_client */;
/*!40101 SET character_set_client = utf8 */;
CREATE TABLE `categories` (
  `id` int(11) unsigned NOT NULL AUTO_INCREMENT,
  `company_id` int(11) NOT NULL,
  `category_list` int(4) DEFAULT NULL,
  `name` varchar(100) DEFAULT NULL,
  `status` int(1) DEFAULT '1',
  `created` datetime NOT NULL,
  `modified` datetime NOT NULL,
  PRIMARY KEY (`id`)
) ENGINE=InnoDB AUTO_INCREMENT=7 DEFAULT CHARSET=latin1;
/*!40101 SET character_set_client = @saved_cs_client */;

--
-- Dumping data for table `categories`
--

LOCK TABLES `categories` WRITE;
/*!40000 ALTER TABLE `categories` DISABLE KEYS */;
INSERT INTO `categories` VALUES (1,1,NULL,'Bowls',1,'2013-02-10 19:51:23','2013-02-10 19:51:23'),(2,1,NULL,'1 Entree',1,'2013-02-10 19:51:36','2013-02-10 19:51:36'),(3,1,NULL,'2 Entree',1,'2013-02-10 19:51:47','2013-02-10 19:51:47'),(4,1,NULL,'Dumplings',1,'2013-02-10 19:51:58','2013-02-10 19:51:58'),(5,1,NULL,'Extras',1,'2013-02-10 19:52:12','2013-02-10 19:52:12'),(6,1,NULL,'Beverages',1,'2013-02-11 06:39:09','2013-02-11 06:39:09');
/*!40000 ALTER TABLE `categories` ENABLE KEYS */;
UNLOCK TABLES;

--
-- Table structure for table `companies`
--

DROP TABLE IF EXISTS `companies`;
/*!40101 SET @saved_cs_client     = @@character_set_client */;
/*!40101 SET character_set_client = utf8 */;
CREATE TABLE `companies` (
  `id` int(11) unsigned NOT NULL AUTO_INCREMENT,
  `user_id` int(11) DEFAULT NULL,
  `type` tinyint(1) DEFAULT '1',
  `name` varchar(100) DEFAULT NULL,
  `area` varchar(100) DEFAULT NULL,
  `address` varchar(250) DEFAULT NULL,
  `suite` varchar(10) DEFAULT NULL,
  `city` varchar(50) DEFAULT NULL,
  `state` varchar(2) DEFAULT NULL,
  `zipcode` varchar(10) DEFAULT NULL,
  `phone` varchar(20) DEFAULT NULL,
  `phone_fax` varchar(20) DEFAULT NULL,
  `email` varchar(100) DEFAULT NULL,
  `password` char(40) DEFAULT NULL,
  `timed_login` varchar(25) DEFAULT '1 day',
  `created` datetime NOT NULL,
  `modified` datetime NOT NULL,
  PRIMARY KEY (`id`)
) ENGINE=InnoDB AUTO_INCREMENT=2 DEFAULT CHARSET=latin1;
/*!40101 SET character_set_client = @saved_cs_client */;

--
-- Dumping data for table `companies`
--

LOCK TABLES `companies` WRITE;
/*!40000 ALTER TABLE `companies` DISABLE KEYS */;
INSERT INTO `companies` VALUES (1,1,1,'Poja','Roosevelt','','','Seattle','WA',NULL,'',NULL,'',NULL,'1 day','2013-02-08 18:09:34','2013-02-08 18:09:34');
/*!40000 ALTER TABLE `companies` ENABLE KEYS */;
UNLOCK TABLES;

--
-- Table structure for table `groups`
--

DROP TABLE IF EXISTS `groups`;
/*!40101 SET @saved_cs_client     = @@character_set_client */;
/*!40101 SET character_set_client = utf8 */;
CREATE TABLE `groups` (
  `id` int(11) NOT NULL AUTO_INCREMENT,
  `name` varchar(100) NOT NULL,
  `created` datetime DEFAULT NULL,
  `modified` datetime DEFAULT NULL,
  PRIMARY KEY (`id`)
) ENGINE=InnoDB AUTO_INCREMENT=5 DEFAULT CHARSET=latin1;
/*!40101 SET character_set_client = @saved_cs_client */;

--
-- Dumping data for table `groups`
--

LOCK TABLES `groups` WRITE;
/*!40000 ALTER TABLE `groups` DISABLE KEYS */;
INSERT INTO `groups` VALUES (1,'Super Administrator','2013-02-08 18:02:03','2013-02-08 18:02:03'),(2,'Owner','2013-02-08 18:34:23','2013-02-08 18:34:23'),(3,'Manager','2013-02-08 18:35:25','2013-02-08 18:35:25'),(4,'Employees','2013-02-08 18:36:45','2013-02-08 18:36:45');
/*!40000 ALTER TABLE `groups` ENABLE KEYS */;
UNLOCK TABLES;

--
-- Table structure for table `invoice_lineitems`
--

DROP TABLE IF EXISTS `invoice_lineitems`;
/*!40101 SET @saved_cs_client     = @@character_set_client */;
/*!40101 SET character_set_client = utf8 */;
CREATE TABLE `invoice_lineitems` (
  `id` int(11) unsigned NOT NULL AUTO_INCREMENT,
  `invoice_number` int(11) NOT NULL,
  `category` varchar(100) DEFAULT NULL,
  `company_id` int(11) DEFAULT NULL,
  `order_id` int(11) DEFAULT NULL,
  `quantity` int(11) DEFAULT NULL,
  `before_tax` float(11,2) DEFAULT NULL,
  `after_tax` decimal(11,2) DEFAULT NULL,
  `day_paid` varchar(10) DEFAULT NULL,
  `created` datetime NOT NULL,
  `modified` datetime NOT NULL,
  PRIMARY KEY (`id`)
) ENGINE=InnoDB AUTO_INCREMENT=585 DEFAULT CHARSET=latin1;
/*!40101 SET character_set_client = @saved_cs_client */;

--
-- Dumping data for table `invoice_lineitems`
--

LOCK TABLES `invoice_lineitems` WRITE;
/*!40000 ALTER TABLE `invoice_lineitems` DISABLE KEYS */;
INSERT INTO `invoice_lineitems` VALUES (16,3,'Bowls',1,3,1,5.50,'6.02','Monday','2013-02-11 12:07:47','2013-02-11 12:07:47'),(17,3,'Dumplings',1,41,1,0.49,'0.54','Monday','2013-02-11 12:07:47','2013-02-11 12:07:47'),(18,4,'1 Entree',1,15,1,6.75,'7.39','Monday','2013-02-11 12:09:08','2013-02-11 12:09:08'),(19,4,'Bowls',1,5,1,5.50,'6.02','Monday','2013-02-11 12:09:08','2013-02-11 12:09:08'),(20,4,'Dumplings',1,41,1,0.49,'0.54','Monday','2013-02-11 12:09:08','2013-02-11 12:09:08'),(21,5,'Bowls',1,6,1,5.50,'6.02','Monday','2013-02-11 12:12:09','2013-02-11 12:12:09'),(22,6,'Bowls',1,6,1,5.50,'6.02','Monday','2013-02-11 12:13:45','2013-02-11 12:13:45'),(23,6,'Dumplings',1,45,2,NULL,'0.00','Monday','2013-02-11 12:13:45','2013-02-11 12:13:45'),(24,7,'Dumplings',1,45,1,0.00,'0.00','Monday','2013-02-11 12:14:57','2013-02-11 12:14:57'),(25,7,'Bowls',1,6,1,5.50,'6.02','Monday','2013-02-11 12:14:57','2013-02-11 12:14:57'),(26,8,'Bowls',1,1,1,5.50,'6.02','Monday','2013-02-11 12:15:35','2013-02-11 12:15:35'),(27,9,'Bowls',1,6,1,5.50,'6.02','Monday','2013-02-11 12:16:20','2013-02-11 12:16:20'),(28,10,'Bowls',1,4,1,5.50,'6.02','Monday','2013-02-11 12:16:58','2013-02-11 12:16:58'),(29,11,'Bowls',1,4,1,5.50,'6.02','Monday','2013-02-11 12:19:20','2013-02-11 12:19:20'),(30,11,'Bowls',1,10,1,0.00,'0.00','Monday','2013-02-11 12:19:20','2013-02-11 12:19:20'),(31,12,'Bowls',1,7,1,5.50,'6.02','Monday','2013-02-11 12:20:03','2013-02-11 12:20:03'),(32,13,'Bowls',1,11,1,3.99,'4.37','Monday','2013-02-11 12:21:12','2013-02-11 12:21:12'),(33,14,'Bowls',1,2,1,5.85,'6.41','Monday','2013-02-11 12:24:12','2013-02-11 12:24:12'),(34,14,'Bowls',1,6,1,5.50,'6.02','Monday','2013-02-11 12:24:12','2013-02-11 12:24:12'),(35,14,'Beverages',1,59,1,1.09,'1.19','Monday','2013-02-11 12:24:12','2013-02-11 12:24:12'),(36,14,'Beverages',1,58,1,1.29,'1.41','Monday','2013-02-11 12:24:12','2013-02-11 12:24:12'),(37,15,'Bowls',1,1,1,5.50,'6.02','Monday','2013-02-11 12:25:33','2013-02-11 12:25:33'),(38,15,'Bowls',1,10,1,0.00,'0.00','Monday','2013-02-11 12:25:33','2013-02-11 12:25:33'),(39,15,'Beverages',1,59,1,1.09,'1.19','Monday','2013-02-11 12:25:33','2013-02-11 12:25:33'),(40,16,'Bowls',1,1,1,5.50,'6.02','Monday','2013-02-11 12:26:26','2013-02-11 12:26:26'),(41,16,'Bowls',1,10,1,0.00,'0.00','Monday','2013-02-11 12:26:26','2013-02-11 12:26:26'),(42,17,'1 Entree',1,15,1,6.75,'7.39','Monday','2013-02-11 12:28:29','2013-02-11 12:28:29'),(43,17,'2 Entree',1,34,1,0.00,'0.00','Monday','2013-02-11 12:28:29','2013-02-11 12:28:29'),(44,17,'2 Entree',1,27,1,0.00,'0.00','Monday','2013-02-11 12:28:29','2013-02-11 12:28:29'),(45,17,'2 Entree',1,25,1,7.95,'8.71','Monday','2013-02-11 12:28:29','2013-02-11 12:28:29'),(46,18,'Bowls',1,11,1,3.99,'4.37','Monday','2013-02-11 12:29:51','2013-02-11 12:29:51'),(47,18,'Dumplings',1,40,2,NULL,'1.07','Monday','2013-02-11 12:29:51','2013-02-11 12:29:51'),(48,19,'1 Entree',1,17,1,6.75,'7.39','Monday','2013-02-11 12:44:37','2013-02-11 12:44:37'),(49,19,'Dumplings',1,41,3,NULL,'1.61','Monday','2013-02-11 12:44:37','2013-02-11 12:44:37'),(50,20,'1 Entree',1,13,1,6.75,'7.39','Monday','2013-02-11 12:55:32','2013-02-11 12:55:32'),(51,21,'Bowls',1,11,1,3.99,'4.37','Monday','2013-02-11 13:12:35','2013-02-11 13:12:35'),(52,22,'Bowls',1,11,1,3.99,'4.37','Monday','2013-02-11 15:05:31','2013-02-11 15:05:31'),(53,23,'Bowls',1,11,1,3.99,'4.37','Monday','2013-02-11 15:08:34','2013-02-11 15:08:34'),(54,24,'Bowls',1,10,1,0.00,'0.00','Monday','2013-02-11 15:20:49','2013-02-11 15:20:49'),(55,24,'Bowls',1,3,1,5.50,'6.02','Monday','2013-02-11 15:20:49','2013-02-11 15:20:49'),(56,25,'Bowls',1,3,1,5.50,'6.02','Monday','2013-02-11 15:21:38','2013-02-11 15:21:38'),(57,26,'Beverages',1,59,1,1.09,'1.19','Monday','2013-02-11 15:34:21','2013-02-11 15:34:21'),(58,27,'Bowls',1,1,1,5.50,'6.02','Monday','2013-02-11 16:35:05','2013-02-11 16:35:05'),(59,27,'Extras',1,46,1,0.99,'1.08','Monday','2013-02-11 16:35:05','2013-02-11 16:35:05'),(60,27,'Beverages',1,61,1,1.29,'1.41','Monday','2013-02-11 16:35:05','2013-02-11 16:35:05'),(61,28,'Bowls',1,4,1,5.50,'6.02','Monday','2013-02-11 16:40:37','2013-02-11 16:40:37'),(62,28,'Bowls',1,1,1,5.50,'6.02','Monday','2013-02-11 16:40:37','2013-02-11 16:40:37'),(63,28,'Bowls',1,3,1,5.50,'6.02','Monday','2013-02-11 16:40:37','2013-02-11 16:40:37'),(64,29,'1 Entree',1,13,1,6.75,'7.39','Monday','2013-02-11 18:03:14','2013-02-11 18:03:14'),(65,29,'Extras',1,47,1,0.99,'1.08','Monday','2013-02-11 18:03:14','2013-02-11 18:03:14'),(66,30,'Extras',1,48,1,0.99,'1.08','Monday','2013-02-11 18:33:18','2013-02-11 18:33:18'),(67,30,'1 Entree',1,14,1,6.75,'7.39','Monday','2013-02-11 18:33:18','2013-02-11 18:33:18'),(68,30,'Beverages',1,59,1,1.09,'1.19','Monday','2013-02-11 18:33:18','2013-02-11 18:33:18'),(69,31,'Bowls',1,3,1,5.50,'6.02','Monday','2013-02-11 18:50:50','2013-02-11 18:50:50'),(70,32,'1 Entree',1,13,1,6.75,'7.39','Monday','2013-02-11 19:25:49','2013-02-11 19:25:49'),(71,32,'Extras',1,47,1,0.99,'1.08','Monday','2013-02-11 19:25:49','2013-02-11 19:25:49'),(72,33,'1 Entree',1,14,1,6.75,'7.39','Monday','2013-02-11 19:28:23','2013-02-11 19:28:23'),(73,33,'Extras',1,47,1,0.99,'1.08','Monday','2013-02-11 19:28:23','2013-02-11 19:28:23'),(74,34,'2 Entree',1,25,1,7.95,'8.71','Monday','2013-02-11 19:29:12','2013-02-11 19:29:12'),(75,34,'2 Entree',1,27,1,0.00,'0.00','Monday','2013-02-11 19:29:12','2013-02-11 19:29:12'),(76,34,'2 Entree',1,28,1,0.00,'0.00','Monday','2013-02-11 19:29:12','2013-02-11 19:29:12'),(77,34,'Extras',1,47,1,0.99,'1.08','Monday','2013-02-11 19:29:12','2013-02-11 19:29:12'),(78,35,'1 Entree',1,13,1,6.75,'7.39','Monday','2013-02-11 19:31:13','2013-02-11 19:31:13'),(79,35,'Extras',1,46,1,0.99,'1.08','Monday','2013-02-11 19:31:13','2013-02-11 19:31:13'),(80,36,'Bowls',1,11,1,3.99,'4.37','Tuesday','2013-02-12 11:05:16','2013-02-12 11:05:16'),(81,36,'Bowls',1,10,1,0.00,'0.00','Tuesday','2013-02-12 11:05:16','2013-02-12 11:05:16'),(82,37,'Bowls',1,11,1,3.99,'4.37','Tuesday','2013-02-12 11:06:21','2013-02-12 11:06:21'),(83,37,'Bowls',1,10,1,0.00,'0.00','Tuesday','2013-02-12 11:06:21','2013-02-12 11:06:21'),(84,38,'Bowls',1,11,1,3.99,'4.37','Tuesday','2013-02-12 11:07:32','2013-02-12 11:07:32'),(85,38,'Dumplings',1,45,2,NULL,'0.00','Tuesday','2013-02-12 11:07:32','2013-02-12 11:07:32'),(86,39,'Bowls',1,11,1,3.99,'4.37','Tuesday','2013-02-12 11:08:28','2013-02-12 11:08:28'),(87,39,'Dumplings',1,44,2,NULL,'0.00','Tuesday','2013-02-12 11:08:28','2013-02-12 11:08:28'),(88,39,'Beverages',1,60,1,0.89,'0.97','Tuesday','2013-02-12 11:08:28','2013-02-12 11:08:28'),(89,40,'Bowls',1,11,1,3.99,'4.37','Tuesday','2013-02-12 11:10:37','2013-02-12 11:10:37'),(90,40,'Bowls',1,10,1,0.00,'0.00','Tuesday','2013-02-12 11:10:37','2013-02-12 11:10:37'),(91,40,'Dumplings',1,41,4,NULL,'2.15','Tuesday','2013-02-12 11:10:37','2013-02-12 11:10:37'),(92,40,'Beverages',1,59,2,NULL,'2.39','Tuesday','2013-02-12 11:10:37','2013-02-12 11:10:37'),(93,41,'1 Entree',1,18,1,7.10,'7.77','Tuesday','2013-02-12 11:12:37','2013-02-12 11:12:37'),(94,42,'1 Entree',1,16,1,6.75,'7.39','Tuesday','2013-02-12 11:13:24','2013-02-12 11:13:24'),(95,42,'Dumplings',1,44,2,NULL,'0.00','Tuesday','2013-02-12 11:13:24','2013-02-12 11:13:24'),(96,43,'Bowls',1,11,1,3.99,'4.37','Tuesday','2013-02-12 11:13:51','2013-02-12 11:13:51'),(97,43,'Dumplings',1,44,2,NULL,'0.00','Tuesday','2013-02-12 11:13:51','2013-02-12 11:13:51'),(98,44,'Bowls',1,6,1,5.50,'6.02','Tuesday','2013-02-12 11:14:28','2013-02-12 11:14:28'),(99,45,'Bowls',1,11,1,3.99,'4.37','Tuesday','2013-02-12 11:15:02','2013-02-12 11:15:02'),(100,46,'Bowls',1,11,1,3.99,'4.37','Tuesday','2013-02-12 11:15:28','2013-02-12 11:15:28'),(101,47,'Bowls',1,11,1,3.99,'4.37','Tuesday','2013-02-12 11:16:28','2013-02-12 11:16:28'),(102,47,'Dumplings',1,44,2,NULL,'0.00','Tuesday','2013-02-12 11:16:28','2013-02-12 11:16:28'),(103,48,'Bowls',1,11,1,3.99,'4.37','Tuesday','2013-02-12 11:17:03','2013-02-12 11:17:03'),(104,48,'Bowls',1,10,1,0.00,'0.00','Tuesday','2013-02-12 11:17:03','2013-02-12 11:17:03'),(105,49,'1 Entree',1,15,2,NULL,'14.78','Tuesday','2013-02-12 11:18:44','2013-02-12 11:18:44'),(106,50,'Bowls',1,5,1,5.50,'6.02','Tuesday','2013-02-12 11:21:25','2013-02-12 11:21:25'),(107,50,'Bowls',1,10,1,0.00,'0.00','Tuesday','2013-02-12 11:21:25','2013-02-12 11:21:25'),(108,51,'Bowls',1,11,1,3.99,'4.37','Tuesday','2013-02-12 11:24:06','2013-02-12 11:24:06'),(109,51,'Dumplings',1,44,2,NULL,'0.00','Tuesday','2013-02-12 11:24:06','2013-02-12 11:24:06'),(110,52,'1 Entree',1,16,1,6.75,'7.39','Tuesday','2013-02-12 11:27:07','2013-02-12 11:27:07'),(111,52,'Dumplings',1,41,2,NULL,'1.07','Tuesday','2013-02-12 11:27:07','2013-02-12 11:27:07'),(112,53,'2 Entree',1,25,1,7.95,'8.71','Tuesday','2013-02-12 11:31:33','2013-02-12 11:31:33'),(113,53,'2 Entree',1,35,1,0.00,'0.00','Tuesday','2013-02-12 11:31:33','2013-02-12 11:31:33'),(114,53,'2 Entree',1,29,1,0.00,'0.00','Tuesday','2013-02-12 11:31:33','2013-02-12 11:31:33'),(115,53,'Beverages',1,60,1,0.89,'0.97','Tuesday','2013-02-12 11:31:33','2013-02-12 11:31:33'),(116,54,'Bowls',1,11,1,3.99,'4.37','Tuesday','2013-02-12 12:03:18','2013-02-12 12:03:18'),(117,54,'Dumplings',1,41,1,0.49,'0.54','Tuesday','2013-02-12 12:03:18','2013-02-12 12:03:18'),(118,55,'Bowls',1,1,1,5.50,'6.02','Tuesday','2013-02-12 12:04:08','2013-02-12 12:04:08'),(119,55,'Dumplings',1,40,3,NULL,'1.61','Tuesday','2013-02-12 12:04:08','2013-02-12 12:04:08'),(120,56,'Bowls',1,1,1,5.50,'6.02','Tuesday','2013-02-12 12:04:49','2013-02-12 12:04:49'),(121,56,'Dumplings',1,41,4,NULL,'2.15','Tuesday','2013-02-12 12:04:49','2013-02-12 12:04:49'),(122,57,'Bowls',1,11,1,3.99,'4.37','Tuesday','2013-02-12 12:06:04','2013-02-12 12:06:04'),(123,58,'Bowls',1,11,1,3.99,'4.37','Tuesday','2013-02-12 12:07:12','2013-02-12 12:07:12'),(124,58,'Dumplings',1,40,1,0.49,'0.54','Tuesday','2013-02-12 12:07:12','2013-02-12 12:07:12'),(125,59,'Bowls',1,11,1,3.99,'4.37','Tuesday','2013-02-12 12:08:01','2013-02-12 12:08:01'),(126,59,'Dumplings',1,40,2,NULL,'1.07','Tuesday','2013-02-12 12:08:01','2013-02-12 12:08:01'),(127,60,'Bowls',1,5,1,5.50,'6.02','Tuesday','2013-02-12 12:08:52','2013-02-12 12:08:52'),(128,61,'1 Entree',1,14,1,6.75,'7.39','Tuesday','2013-02-12 12:10:51','2013-02-12 12:10:51'),(129,61,'Bowls',1,3,1,5.50,'6.02','Tuesday','2013-02-12 12:10:51','2013-02-12 12:10:51'),(130,61,'Dumplings',1,41,4,NULL,'2.15','Tuesday','2013-02-12 12:10:51','2013-02-12 12:10:51'),(131,62,'Bowls',1,11,1,3.99,'4.37','Tuesday','2013-02-12 12:11:37','2013-02-12 12:11:37'),(132,62,'Dumplings',1,45,2,NULL,'0.00','Tuesday','2013-02-12 12:11:37','2013-02-12 12:11:37'),(133,63,'Bowls',1,11,1,3.99,'4.37','Tuesday','2013-02-12 12:12:38','2013-02-12 12:12:38'),(134,63,'Dumplings',1,44,2,NULL,'0.00','Tuesday','2013-02-12 12:12:38','2013-02-12 12:12:38'),(135,64,'Bowls',1,11,1,3.99,'4.37','Tuesday','2013-02-12 12:13:34','2013-02-12 12:13:34'),(136,65,'Bowls',1,1,1,5.50,'6.02','Tuesday','2013-02-12 12:14:26','2013-02-12 12:14:26'),(137,66,'Bowls',1,11,1,3.99,'4.37','Tuesday','2013-02-12 12:15:34','2013-02-12 12:15:34'),(138,66,'Bowls',1,10,1,0.00,'0.00','Tuesday','2013-02-12 12:15:34','2013-02-12 12:15:34'),(139,67,'2 Entree',1,25,1,7.95,'8.71','Tuesday','2013-02-12 12:20:33','2013-02-12 12:20:33'),(140,67,'2 Entree',1,27,2,NULL,'0.00','Tuesday','2013-02-12 12:20:33','2013-02-12 12:20:33'),(141,67,'Bowls',1,1,1,5.50,'6.02','Tuesday','2013-02-12 12:20:33','2013-02-12 12:20:33'),(142,68,'Bowls',1,7,1,5.50,'6.02','Tuesday','2013-02-12 12:52:26','2013-02-12 12:52:26'),(143,68,'Dumplings',1,41,1,0.49,'0.54','Tuesday','2013-02-12 12:52:26','2013-02-12 12:52:26'),(144,69,'Bowls',1,1,1,5.50,'6.02','Tuesday','2013-02-12 12:53:50','2013-02-12 12:53:50'),(145,70,'1 Entree',1,13,1,6.75,'7.39','Tuesday','2013-02-12 13:00:50','2013-02-12 13:00:50'),(146,71,'Bowls',1,7,1,5.50,'6.02','Tuesday','2013-02-12 13:23:56','2013-02-12 13:23:56'),(147,72,'Bowls',1,11,1,3.99,'4.37','Tuesday','2013-02-12 13:28:10','2013-02-12 13:28:10'),(148,73,'1 Entree',1,15,2,NULL,'14.78','Tuesday','2013-02-12 13:41:02','2013-02-12 13:41:02'),(149,73,'1 Entree',1,24,1,0.35,'0.38','Tuesday','2013-02-12 13:41:02','2013-02-12 13:41:02'),(150,73,'Beverages',1,61,1,1.29,'1.41','Tuesday','2013-02-12 13:41:02','2013-02-12 13:41:02'),(151,74,'Bowls',1,7,1,5.50,'6.02','Tuesday','2013-02-12 13:45:20','2013-02-12 13:45:20'),(152,75,'Bowls',1,11,1,3.99,'4.37','Tuesday','2013-02-12 15:16:16','2013-02-12 15:16:16'),(153,76,'Bowls',1,1,1,5.50,'6.02','Tuesday','2013-02-12 15:54:38','2013-02-12 15:54:38'),(154,76,'Bowls',1,3,1,5.50,'6.02','Tuesday','2013-02-12 15:54:38','2013-02-12 15:54:38'),(155,76,'Beverages',1,59,1,1.09,'1.19','Tuesday','2013-02-12 15:54:38','2013-02-12 15:54:38'),(156,77,'Bowls',1,3,1,5.50,'6.02','Tuesday','2013-02-12 15:56:31','2013-02-12 15:56:31'),(157,77,'Beverages',1,59,1,1.09,'1.19','Tuesday','2013-02-12 15:56:31','2013-02-12 15:56:31'),(158,78,'1 Entree',1,13,1,6.75,'7.39','Tuesday','2013-02-12 16:59:43','2013-02-12 16:59:43'),(159,79,'2 Entree',1,25,1,7.95,'8.71','Tuesday','2013-02-12 17:08:48','2013-02-12 17:08:48'),(160,79,'2 Entree',1,28,1,0.00,'0.00','Tuesday','2013-02-12 17:08:48','2013-02-12 17:08:48'),(161,79,'2 Entree',1,32,1,0.00,'0.00','Tuesday','2013-02-12 17:08:48','2013-02-12 17:08:48'),(162,80,'Bowls',1,1,1,5.50,'6.02','Tuesday','2013-02-12 17:16:47','2013-02-12 17:16:47'),(163,81,'1 Entree',1,14,1,6.75,'7.39','Tuesday','2013-02-12 17:31:14','2013-02-12 17:31:14'),(164,81,'Dumplings',1,40,1,0.49,'0.54','Tuesday','2013-02-12 17:31:14','2013-02-12 17:31:14'),(165,81,'Dumplings',1,41,1,0.49,'0.54','Tuesday','2013-02-12 17:31:14','2013-02-12 17:31:14'),(166,82,'1 Entree',1,14,1,6.75,'7.39','Tuesday','2013-02-12 17:32:24','2013-02-12 17:32:24'),(167,83,'1 Entree',1,21,1,6.75,'7.39','Tuesday','2013-02-12 17:37:13','2013-02-12 17:37:13'),(168,83,'Dumplings',1,41,4,NULL,'2.15','Tuesday','2013-02-12 17:37:13','2013-02-12 17:37:13'),(169,84,'1 Entree',1,13,1,6.75,'7.39','Tuesday','2013-02-12 17:42:31','2013-02-12 17:42:31'),(170,84,'1 Entree',1,14,1,6.75,'7.39','Tuesday','2013-02-12 17:42:31','2013-02-12 17:42:31'),(171,84,'Dumplings',1,40,2,NULL,'1.07','Tuesday','2013-02-12 17:42:31','2013-02-12 17:42:31'),(172,84,'Dumplings',1,41,2,NULL,'1.07','Tuesday','2013-02-12 17:42:31','2013-02-12 17:42:31'),(173,85,'Beverages',1,59,2,NULL,'2.39','Tuesday','2013-02-12 17:44:57','2013-02-12 17:44:57'),(174,86,'1 Entree',1,15,1,6.75,'7.39','Tuesday','2013-02-12 17:49:40','2013-02-12 17:49:40'),(175,87,'Bowls',1,1,1,5.50,'6.02','Tuesday','2013-02-12 18:01:00','2013-02-12 18:01:00'),(176,87,'Bowls',1,10,1,0.00,'0.00','Tuesday','2013-02-12 18:01:00','2013-02-12 18:01:00'),(177,88,'Bowls',1,11,1,3.99,'4.37','Tuesday','2013-02-12 18:15:05','2013-02-12 18:15:05'),(178,89,'Bowls',1,6,1,5.50,'6.02','Tuesday','2013-02-12 18:35:18','2013-02-12 18:35:18'),(179,90,'2 Entree',1,25,1,7.95,'8.71','Tuesday','2013-02-12 18:36:46','2013-02-12 18:36:46'),(180,90,'2 Entree',1,27,1,0.00,'0.00','Tuesday','2013-02-12 18:36:46','2013-02-12 18:36:46'),(181,90,'2 Entree',1,30,1,0.00,'0.00','Tuesday','2013-02-12 18:36:46','2013-02-12 18:36:46'),(182,91,'1 Entree',1,13,1,6.75,'7.39','Tuesday','2013-02-12 18:48:45','2013-02-12 18:48:45'),(183,91,'1 Entree',1,14,1,6.75,'7.39','Tuesday','2013-02-12 18:48:45','2013-02-12 18:48:45'),(184,92,'1 Entree',1,13,1,6.75,'7.39','Tuesday','2013-02-12 19:20:48','2013-02-12 19:20:48'),(185,92,'1 Entree',1,14,1,6.75,'7.39','Tuesday','2013-02-12 19:20:48','2013-02-12 19:20:48'),(186,93,'1 Entree',1,13,1,6.75,'7.39','Tuesday','2013-02-12 19:32:42','2013-02-12 19:32:42'),(187,93,'1 Entree',1,14,1,6.75,'7.39','Tuesday','2013-02-12 19:32:42','2013-02-12 19:32:42'),(188,94,'1 Entree',1,13,1,6.75,'7.39','Tuesday','2013-02-12 19:32:49','2013-02-12 19:32:49'),(189,94,'1 Entree',1,14,1,6.75,'7.39','Tuesday','2013-02-12 19:32:49','2013-02-12 19:32:49'),(190,95,'1 Entree',1,13,2,NULL,'14.78','Tuesday','2013-02-12 19:33:19','2013-02-12 19:33:19'),(191,96,'Bowls',1,11,1,3.99,'4.37','Wednesday','2013-02-13 11:05:01','2013-02-13 11:05:01'),(192,97,'Bowls',1,11,1,3.99,'4.37','Wednesday','2013-02-13 11:06:38','2013-02-13 11:06:38'),(193,97,'Beverages',1,58,1,1.29,'1.41','Wednesday','2013-02-13 11:06:38','2013-02-13 11:06:38'),(194,98,'Bowls',1,11,1,3.99,'4.37','Wednesday','2013-02-13 11:07:07','2013-02-13 11:07:07'),(195,99,'Beverages',1,60,1,0.89,'0.97','Wednesday','2013-02-13 11:10:45','2013-02-13 11:10:45'),(196,99,'1 Entree',1,22,1,3.37,'3.69','Wednesday','2013-02-13 11:10:45','2013-02-13 11:10:45'),(197,99,'1 Entree',1,16,1,6.75,'7.39','Wednesday','2013-02-13 11:10:45','2013-02-13 11:10:45'),(198,100,'Bowls',1,11,1,3.99,'4.37','Wednesday','2013-02-13 11:11:04','2013-02-13 11:11:04'),(199,101,'Beverages',1,60,1,0.89,'0.97','Wednesday','2013-02-13 11:11:15','2013-02-13 11:11:15'),(200,102,'Bowls',1,11,1,3.99,'4.37','Wednesday','2013-02-13 11:12:02','2013-02-13 11:12:02'),(201,102,'Beverages',1,60,1,0.89,'0.97','Wednesday','2013-02-13 11:12:02','2013-02-13 11:12:02'),(202,103,'Bowls',1,11,1,3.99,'4.37','Wednesday','2013-02-13 11:13:00','2013-02-13 11:13:00'),(203,103,'Bowls',1,10,1,0.00,'0.00','Wednesday','2013-02-13 11:13:00','2013-02-13 11:13:00'),(204,103,'Beverages',1,58,1,1.29,'1.41','Wednesday','2013-02-13 11:13:00','2013-02-13 11:13:00'),(205,104,'Bowls',1,11,1,3.99,'4.37','Wednesday','2013-02-13 11:13:25','2013-02-13 11:13:25'),(206,105,'Bowls',1,11,1,3.99,'4.37','Wednesday','2013-02-13 11:14:02','2013-02-13 11:14:02'),(207,105,'Bowls',1,10,1,0.00,'0.00','Wednesday','2013-02-13 11:14:02','2013-02-13 11:14:02'),(208,106,'Bowls',1,11,1,3.99,'4.37','Wednesday','2013-02-13 11:14:32','2013-02-13 11:14:32'),(209,106,'Bowls',1,10,1,0.00,'0.00','Wednesday','2013-02-13 11:14:32','2013-02-13 11:14:32'),(210,107,'Bowls',1,11,1,3.99,'4.37','Wednesday','2013-02-13 11:15:29','2013-02-13 11:15:29'),(211,108,'Bowls',1,7,1,5.50,'6.02','Wednesday','2013-02-13 11:17:17','2013-02-13 11:17:17'),(212,109,'Bowls',1,11,1,3.99,'4.37','Wednesday','2013-02-13 11:24:53','2013-02-13 11:24:53'),(213,110,'Bowls',1,11,1,3.99,'4.37','Wednesday','2013-02-13 11:25:20','2013-02-13 11:25:20'),(214,110,'Beverages',1,61,1,1.29,'1.41','Wednesday','2013-02-13 11:25:20','2013-02-13 11:25:20'),(215,111,'Bowls',1,4,1,5.50,'6.02','Wednesday','2013-02-13 11:40:05','2013-02-13 11:40:05'),(216,111,'Bowls',1,12,1,0.35,'0.38','Wednesday','2013-02-13 11:40:05','2013-02-13 11:40:05'),(217,112,'Bowls',1,3,1,5.50,'6.02','Wednesday','2013-02-13 11:59:10','2013-02-13 11:59:10'),(218,112,'Bowls',1,12,1,0.35,'0.38','Wednesday','2013-02-13 11:59:10','2013-02-13 11:59:10'),(219,113,'2 Entree',1,27,2,NULL,'0.00','Wednesday','2013-02-13 12:05:37','2013-02-13 12:05:37'),(220,113,'2 Entree',1,35,2,NULL,'0.00','Wednesday','2013-02-13 12:05:37','2013-02-13 12:05:37'),(221,113,'2 Entree',1,25,2,0.79,'17.41','Wednesday','2013-02-13 12:05:37','2013-02-13 12:05:37'),(222,114,'2 Entree',1,27,1,0.00,'0.00','Wednesday','2013-02-13 12:06:44','2013-02-13 12:06:44'),(223,114,'2 Entree',1,28,1,0.00,'0.00','Wednesday','2013-02-13 12:06:44','2013-02-13 12:06:44'),(224,114,'2 Entree',1,25,1,7.95,'8.71','Wednesday','2013-02-13 12:06:44','2013-02-13 12:06:44'),(225,114,'Beverages',1,59,1,1.09,'1.19','Wednesday','2013-02-13 12:06:44','2013-02-13 12:06:44'),(226,115,'Bowls',1,6,1,5.50,'6.02','Wednesday','2013-02-13 12:08:38','2013-02-13 12:08:38'),(227,115,'Dumplings',1,44,2,NULL,'0.00','Wednesday','2013-02-13 12:08:38','2013-02-13 12:08:38'),(228,116,'Bowls',1,11,1,3.99,'4.37','Wednesday','2013-02-13 12:09:16','2013-02-13 12:09:16'),(229,117,'Bowls',1,11,1,3.99,'4.37','Wednesday','2013-02-13 12:09:53','2013-02-13 12:09:53'),(230,117,'Dumplings',1,41,1,0.49,'0.54','Wednesday','2013-02-13 12:09:53','2013-02-13 12:09:53'),(231,118,'Bowls',1,11,1,3.99,'4.37','Wednesday','2013-02-13 12:10:25','2013-02-13 12:10:25'),(232,119,'Bowls',1,11,1,3.99,'4.37','Wednesday','2013-02-13 12:11:03','2013-02-13 12:11:03'),(233,119,'Beverages',1,61,1,1.29,'1.41','Wednesday','2013-02-13 12:11:03','2013-02-13 12:11:03'),(234,120,'2 Entree',1,25,1,7.95,'8.71','Wednesday','2013-02-13 12:12:27','2013-02-13 12:12:27'),(235,120,'2 Entree',1,26,1,0.35,'0.38','Wednesday','2013-02-13 12:12:27','2013-02-13 12:12:27'),(236,120,'2 Entree',1,31,1,0.00,'0.00','Wednesday','2013-02-13 12:12:27','2013-02-13 12:12:27'),(237,120,'2 Entree',1,30,1,0.00,'0.00','Wednesday','2013-02-13 12:12:27','2013-02-13 12:12:27'),(238,121,'Beverages',1,61,1,1.29,'1.41','Wednesday','2013-02-13 12:13:11','2013-02-13 12:13:11'),(239,121,'Bowls',1,11,1,3.99,'4.37','Wednesday','2013-02-13 12:13:11','2013-02-13 12:13:11'),(240,122,'Bowls',1,11,1,3.99,'4.37','Wednesday','2013-02-13 12:13:53','2013-02-13 12:13:53'),(241,122,'Bowls',1,10,1,0.00,'0.00','Wednesday','2013-02-13 12:13:53','2013-02-13 12:13:53'),(242,123,'Bowls',1,1,1,5.50,'6.02','Wednesday','2013-02-13 12:15:09','2013-02-13 12:15:09'),(243,123,'Beverages',1,61,1,1.29,'1.41','Wednesday','2013-02-13 12:15:09','2013-02-13 12:15:09'),(244,124,'2 Entree',1,26,1,0.35,'0.38','Wednesday','2013-02-13 12:16:47','2013-02-13 12:16:47'),(245,124,'2 Entree',1,25,1,7.95,'8.71','Wednesday','2013-02-13 12:16:47','2013-02-13 12:16:47'),(246,124,'2 Entree',1,31,1,0.00,'0.00','Wednesday','2013-02-13 12:16:47','2013-02-13 12:16:47'),(247,124,'2 Entree',1,30,1,0.00,'0.00','Wednesday','2013-02-13 12:16:47','2013-02-13 12:16:47'),(248,124,'Beverages',1,59,1,1.09,'1.19','Wednesday','2013-02-13 12:16:47','2013-02-13 12:16:47'),(249,125,'Bowls',1,11,1,3.99,'4.37','Wednesday','2013-02-13 12:17:24','2013-02-13 12:17:24'),(250,125,'Bowls',1,10,1,0.00,'0.00','Wednesday','2013-02-13 12:17:24','2013-02-13 12:17:24'),(251,125,'Beverages',1,62,1,1.99,'2.18','Wednesday','2013-02-13 12:17:24','2013-02-13 12:17:24'),(252,126,'Dumplings',1,40,6,NULL,'3.22','Wednesday','2013-02-13 12:18:00','2013-02-13 12:18:00'),(253,127,'Bowls',1,11,1,3.99,'4.37','Wednesday','2013-02-13 12:18:56','2013-02-13 12:18:56'),(254,127,'Bowls',1,10,1,0.00,'0.00','Wednesday','2013-02-13 12:18:56','2013-02-13 12:18:56'),(255,128,'Bowls',1,11,1,3.99,'4.37','Wednesday','2013-02-13 12:19:25','2013-02-13 12:19:25'),(256,128,'Beverages',1,62,1,1.99,'2.18','Wednesday','2013-02-13 12:19:25','2013-02-13 12:19:25'),(257,129,'Bowls',1,11,1,3.99,'4.37','Wednesday','2013-02-13 12:20:52','2013-02-13 12:20:52'),(258,130,'Beverages',1,59,1,1.09,'1.19','Wednesday','2013-02-13 12:22:44','2013-02-13 12:22:44'),(259,131,'Bowls',1,11,1,3.99,'4.37','Wednesday','2013-02-13 12:23:31','2013-02-13 12:23:31'),(260,131,'Beverages',1,59,1,1.09,'1.19','Wednesday','2013-02-13 12:23:31','2013-02-13 12:23:31'),(261,132,'Bowls',1,11,1,3.99,'4.37','Wednesday','2013-02-13 12:24:13','2013-02-13 12:24:13'),(262,132,'Dumplings',1,44,2,NULL,'0.00','Wednesday','2013-02-13 12:24:13','2013-02-13 12:24:13'),(263,133,'Bowls',1,11,1,3.99,'4.37','Wednesday','2013-02-13 12:24:36','2013-02-13 12:24:36'),(264,134,'Bowls',1,11,1,3.99,'4.37','Wednesday','2013-02-13 12:25:12','2013-02-13 12:25:12'),(265,134,'Bowls',1,10,1,0.00,'0.00','Wednesday','2013-02-13 12:25:12','2013-02-13 12:25:12'),(266,135,'1 Entree',1,15,1,6.75,'7.39','Wednesday','2013-02-13 12:26:13','2013-02-13 12:26:13'),(267,135,'Dumplings',1,44,1,0.00,'0.00','Wednesday','2013-02-13 12:26:13','2013-02-13 12:26:13'),(268,135,'Dumplings',1,45,1,0.00,'0.00','Wednesday','2013-02-13 12:26:13','2013-02-13 12:26:13'),(269,136,'1 Entree',1,18,1,7.10,'7.77','Wednesday','2013-02-13 12:42:29','2013-02-13 12:42:29'),(270,137,'1 Entree',1,13,1,6.75,'7.39','Wednesday','2013-02-13 12:54:53','2013-02-13 12:54:53'),(271,138,'Bowls',1,1,1,5.50,'6.02','Wednesday','2013-02-13 14:12:38','2013-02-13 14:12:38'),(272,138,'Beverages',1,60,1,0.89,'0.97','Wednesday','2013-02-13 14:12:38','2013-02-13 14:12:38'),(273,138,'1 Entree',1,15,1,6.75,'7.39','Wednesday','2013-02-13 14:12:38','2013-02-13 14:12:38'),(274,138,'Beverages',1,61,1,1.29,'1.41','Wednesday','2013-02-13 14:12:38','2013-02-13 14:12:38'),(275,139,'Extras',1,48,1,0.99,'1.08','Wednesday','2013-02-13 16:09:18','2013-02-13 16:09:18'),(276,139,'1 Entree',1,14,1,6.75,'7.39','Wednesday','2013-02-13 16:09:18','2013-02-13 16:09:18'),(277,140,'Bowls',1,5,1,5.50,'6.02','Wednesday','2013-02-13 17:38:32','2013-02-13 17:38:32'),(278,141,'Bowls',1,11,1,3.99,'4.37','Wednesday','2013-02-13 17:46:06','2013-02-13 17:46:06'),(279,142,'2 Entree',1,25,2,NULL,'17.41','Wednesday','2013-02-13 17:49:12','2013-02-13 17:49:12'),(280,142,'Extras',1,48,2,NULL,'2.17','Wednesday','2013-02-13 17:49:12','2013-02-13 17:49:12'),(281,143,'2 Entree',1,25,2,NULL,'17.41','Wednesday','2013-02-13 17:51:06','2013-02-13 17:51:06'),(282,143,'Extras',1,48,2,NULL,'2.17','Wednesday','2013-02-13 17:51:06','2013-02-13 17:51:06'),(283,144,'Bowls',1,1,1,5.50,'6.02','Wednesday','2013-02-13 17:54:57','2013-02-13 17:54:57'),(284,144,'Bowls',1,12,1,0.35,'0.38','Wednesday','2013-02-13 17:54:57','2013-02-13 17:54:57'),(285,145,'1 Entree',1,14,1,6.75,'7.39','Wednesday','2013-02-13 18:05:23','2013-02-13 18:05:23'),(286,145,'Beverages',1,59,1,1.09,'1.19','Wednesday','2013-02-13 18:05:23','2013-02-13 18:05:23'),(287,146,'1 Entree',1,14,1,6.75,'7.39','Wednesday','2013-02-13 18:07:14','2013-02-13 18:07:14'),(288,146,'Beverages',1,59,1,1.09,'1.19','Wednesday','2013-02-13 18:07:14','2013-02-13 18:07:14'),(289,147,'Dumplings',1,41,5,NULL,'2.68','Wednesday','2013-02-13 18:08:05','2013-02-13 18:08:05'),(290,147,'Beverages',1,58,1,1.29,'1.41','Wednesday','2013-02-13 18:08:05','2013-02-13 18:08:05'),(291,147,'2 Entree',1,25,1,7.95,'8.71','Wednesday','2013-02-13 18:08:05','2013-02-13 18:08:05'),(292,147,'2 Entree',1,27,1,0.00,'0.00','Wednesday','2013-02-13 18:08:05','2013-02-13 18:08:05'),(293,147,'2 Entree',1,30,1,0.00,'0.00','Wednesday','2013-02-13 18:08:05','2013-02-13 18:08:05'),(294,148,'1 Entree',1,13,1,6.75,'7.39','Wednesday','2013-02-13 18:09:49','2013-02-13 18:09:49'),(295,148,'Dumplings',1,41,4,NULL,'2.15','Wednesday','2013-02-13 18:09:49','2013-02-13 18:09:49'),(296,149,'1 Entree',1,13,1,6.75,'7.39','Wednesday','2013-02-13 18:12:27','2013-02-13 18:12:27'),(297,149,'Dumplings',1,41,4,NULL,'2.15','Wednesday','2013-02-13 18:12:27','2013-02-13 18:12:27'),(298,150,'Bowls',1,1,1,5.50,'6.02','Wednesday','2013-02-13 18:14:23','2013-02-13 18:14:23'),(299,150,'Bowls',1,10,1,0.00,'0.00','Wednesday','2013-02-13 18:14:23','2013-02-13 18:14:23'),(300,151,'1 Entree',1,16,1,6.75,'7.39','Wednesday','2013-02-13 18:16:12','2013-02-13 18:16:12'),(301,152,'1 Entree',1,15,1,6.75,'7.39','Wednesday','2013-02-13 18:23:23','2013-02-13 18:23:23'),(302,152,'Dumplings',1,40,3,NULL,'1.61','Wednesday','2013-02-13 18:23:23','2013-02-13 18:23:23'),(303,152,'Bowls',1,1,1,5.50,'6.02','Wednesday','2013-02-13 18:23:23','2013-02-13 18:23:23'),(304,153,'2 Entree',1,25,1,7.95,'8.71','Wednesday','2013-02-13 18:28:11','2013-02-13 18:28:11'),(305,153,'2 Entree',1,30,1,0.00,'0.00','Wednesday','2013-02-13 18:28:11','2013-02-13 18:28:11'),(306,153,'2 Entree',1,27,1,0.00,'0.00','Wednesday','2013-02-13 18:28:11','2013-02-13 18:28:11'),(307,153,'Dumplings',1,40,2,NULL,'1.07','Wednesday','2013-02-13 18:28:11','2013-02-13 18:28:11'),(308,154,'2 Entree',1,25,1,7.95,'8.71','Wednesday','2013-02-13 18:29:00','2013-02-13 18:29:00'),(309,154,'2 Entree',1,30,1,0.00,'0.00','Wednesday','2013-02-13 18:29:00','2013-02-13 18:29:00'),(310,154,'2 Entree',1,28,1,0.00,'0.00','Wednesday','2013-02-13 18:29:00','2013-02-13 18:29:00'),(311,154,'Dumplings',1,40,2,NULL,'1.07','Wednesday','2013-02-13 18:29:00','2013-02-13 18:29:00'),(312,155,'2 Entree',1,25,1,7.95,'8.71','Wednesday','2013-02-13 18:35:53','2013-02-13 18:35:53'),(313,155,'2 Entree',1,27,1,0.00,'0.00','Wednesday','2013-02-13 18:35:53','2013-02-13 18:35:53'),(314,155,'2 Entree',1,30,1,0.00,'0.00','Wednesday','2013-02-13 18:35:53','2013-02-13 18:35:53'),(315,156,'Bowls',1,4,1,5.50,'6.02','Wednesday','2013-02-13 19:03:51','2013-02-13 19:03:51'),(316,156,'Dumplings',1,40,6,NULL,'3.22','Wednesday','2013-02-13 19:03:51','2013-02-13 19:03:51'),(317,157,'1 Entree',1,16,1,6.75,'7.39','Wednesday','2013-02-13 19:21:00','2013-02-13 19:21:00'),(318,158,'Bowls',1,3,1,5.50,'6.02','Wednesday','2013-02-13 19:22:38','2013-02-13 19:22:38'),(319,159,'Bowls',1,3,1,5.50,'6.02','Wednesday','2013-02-13 19:23:08','2013-02-13 19:23:08'),(320,160,'2 Entree',1,25,1,7.95,'8.71','Wednesday','2013-02-13 19:23:48','2013-02-13 19:23:48'),(321,160,'2 Entree',1,27,1,0.00,'0.00','Wednesday','2013-02-13 19:23:48','2013-02-13 19:23:48'),(322,160,'2 Entree',1,35,1,0.00,'0.00','Wednesday','2013-02-13 19:23:48','2013-02-13 19:23:48'),(323,160,'1 Entree',1,13,1,6.75,'7.39','Wednesday','2013-02-13 19:23:48','2013-02-13 19:23:48'),(324,161,'1 Entree',1,13,1,6.75,'7.39','Wednesday','2013-02-13 19:26:22','2013-02-13 19:26:22'),(325,162,'Bowls',1,7,1,5.50,'6.02','Wednesday','2013-02-13 19:28:20','2013-02-13 19:28:20'),(326,162,'Bowls',1,3,1,5.50,'6.02','Wednesday','2013-02-13 19:28:20','2013-02-13 19:28:20'),(327,162,'Dumplings',1,41,6,NULL,'3.22','Wednesday','2013-02-13 19:28:20','2013-02-13 19:28:20'),(328,162,'Beverages',1,57,2,NULL,'1.73','Wednesday','2013-02-13 19:28:20','2013-02-13 19:28:20'),(329,163,'Bowls',1,3,1,5.50,'6.02','Wednesday','2013-02-13 19:32:55','2013-02-13 19:32:55'),(330,163,'Dumplings',1,40,4,NULL,'2.15','Wednesday','2013-02-13 19:32:55','2013-02-13 19:32:55'),(331,163,'Dumplings',1,41,4,NULL,'2.15','Wednesday','2013-02-13 19:32:55','2013-02-13 19:32:55'),(332,164,'Beverages',1,59,1,1.09,'1.19','Wednesday','2013-02-13 19:34:38','2013-02-13 19:34:38'),(333,164,'1 Entree',1,14,2,NULL,'14.78','Wednesday','2013-02-13 19:34:38','2013-02-13 19:34:38'),(334,165,'2 Entree',1,25,2,NULL,'17.41','Wednesday','2013-02-13 19:51:18','2013-02-13 19:51:18'),(335,165,'2 Entree',1,27,2,NULL,'0.00','Wednesday','2013-02-13 19:51:18','2013-02-13 19:51:18'),(336,165,'2 Entree',1,30,2,NULL,'0.00','Wednesday','2013-02-13 19:51:18','2013-02-13 19:51:18'),(337,165,'Dumplings',1,40,3,NULL,'1.61','Wednesday','2013-02-13 19:51:18','2013-02-13 19:51:18'),(338,165,'Dumplings',1,41,2,NULL,'1.07','Wednesday','2013-02-13 19:51:18','2013-02-13 19:51:18'),(339,165,'1 Entree',1,17,1,6.75,'7.39','Wednesday','2013-02-13 19:51:18','2013-02-13 19:51:18'),(340,166,'1 Entree',1,15,1,6.75,'7.39','Wednesday','2013-02-13 19:57:21','2013-02-13 19:57:21'),(341,167,'1 Entree',1,15,1,6.75,'7.39','Thursday','2013-02-14 10:57:33','2013-02-14 10:57:33'),(342,168,'Beverages',1,59,1,1.09,'1.19','Thursday','2013-02-14 11:10:58','2013-02-14 11:10:58'),(343,168,'Bowls',1,11,1,3.99,'4.37','Thursday','2013-02-14 11:10:58','2013-02-14 11:10:58'),(344,169,'Bowls',1,11,1,3.99,'4.37','Thursday','2013-02-14 11:11:31','2013-02-14 11:11:31'),(345,169,'Beverages',1,59,1,1.09,'1.19','Thursday','2013-02-14 11:11:31','2013-02-14 11:11:31'),(346,170,'Bowls',1,11,1,3.99,'4.37','Thursday','2013-02-14 11:11:59','2013-02-14 11:11:59'),(347,170,'Beverages',1,57,1,0.79,'0.87','Thursday','2013-02-14 11:11:59','2013-02-14 11:11:59'),(348,171,'Bowls',1,11,1,3.99,'4.37','Thursday','2013-02-14 11:12:29','2013-02-14 11:12:29'),(349,171,'Beverages',1,61,1,1.29,'1.41','Thursday','2013-02-14 11:12:29','2013-02-14 11:12:29'),(350,172,'Bowls',1,11,1,3.99,'4.37','Thursday','2013-02-14 11:12:54','2013-02-14 11:12:54'),(351,173,'Bowls',1,11,1,3.99,'4.37','Thursday','2013-02-14 11:13:20','2013-02-14 11:13:20'),(352,174,'Bowls',1,11,1,3.99,'4.37','Thursday','2013-02-14 11:13:58','2013-02-14 11:13:58'),(353,175,'Bowls',1,11,1,3.99,'4.37','Thursday','2013-02-14 11:14:36','2013-02-14 11:14:36'),(354,175,'Dumplings',1,41,2,NULL,'1.07','Thursday','2013-02-14 11:14:36','2013-02-14 11:14:36'),(355,176,'Bowls',1,11,1,3.99,'4.37','Thursday','2013-02-14 11:14:58','2013-02-14 11:14:58'),(356,177,'Bowls',1,11,1,3.99,'4.37','Thursday','2013-02-14 11:15:55','2013-02-14 11:15:55'),(357,178,'Bowls',1,11,1,3.99,'4.37','Thursday','2013-02-14 11:16:15','2013-02-14 11:16:15'),(358,178,'Dumplings',1,40,2,NULL,'1.07','Thursday','2013-02-14 11:16:15','2013-02-14 11:16:15'),(359,179,'Bowls',1,11,1,3.99,'4.37','Thursday','2013-02-14 11:17:03','2013-02-14 11:17:03'),(360,179,'Bowls',1,10,1,0.00,'0.00','Thursday','2013-02-14 11:17:03','2013-02-14 11:17:03'),(361,179,'Beverages',1,61,2,NULL,'2.83','Thursday','2013-02-14 11:17:03','2013-02-14 11:17:03'),(362,180,'Bowls',1,11,1,3.99,'4.37','Thursday','2013-02-14 11:17:35','2013-02-14 11:17:35'),(363,181,'Bowls',1,11,1,3.99,'4.37','Thursday','2013-02-14 11:18:00','2013-02-14 11:18:00'),(364,181,'Beverages',1,61,1,1.29,'1.41','Thursday','2013-02-14 11:18:00','2013-02-14 11:18:00'),(365,182,'Extras',1,52,1,3.29,'3.60','Thursday','2013-02-14 11:18:52','2013-02-14 11:18:52'),(366,182,'Beverages',1,58,1,1.29,'1.41','Thursday','2013-02-14 11:18:52','2013-02-14 11:18:52'),(367,183,'Bowls',1,11,1,3.99,'4.37','Thursday','2013-02-14 11:20:04','2013-02-14 11:20:04'),(368,184,'Bowls',1,11,1,3.99,'4.37','Thursday','2013-02-14 11:20:37','2013-02-14 11:20:37'),(369,184,'Beverages',1,58,1,1.29,'1.41','Thursday','2013-02-14 11:20:37','2013-02-14 11:20:37'),(370,185,'Bowls',1,11,1,3.99,'4.37','Thursday','2013-02-14 11:20:57','2013-02-14 11:20:57'),(371,186,'Bowls',1,11,1,3.99,'4.37','Thursday','2013-02-14 11:21:58','2013-02-14 11:21:58'),(372,186,'Beverages',1,62,1,1.99,'2.18','Thursday','2013-02-14 11:21:58','2013-02-14 11:21:58'),(373,187,'Bowls',1,9,1,5.50,'6.02','Thursday','2013-02-14 11:22:41','2013-02-14 11:22:41'),(374,188,'Bowls',1,3,1,5.50,'6.02','Thursday','2013-02-14 11:23:09','2013-02-14 11:23:09'),(375,188,'Beverages',1,62,1,1.99,'2.18','Thursday','2013-02-14 11:23:09','2013-02-14 11:23:09'),(376,189,'Bowls',1,11,1,3.99,'4.37','Thursday','2013-02-14 11:23:55','2013-02-14 11:23:55'),(377,189,'Bowls',1,10,1,0.00,'0.00','Thursday','2013-02-14 11:23:55','2013-02-14 11:23:55'),(378,190,'Bowls',1,1,1,5.50,'6.02','Thursday','2013-02-14 11:24:36','2013-02-14 11:24:36'),(379,191,'Beverages',1,61,1,1.29,'1.41','Thursday','2013-02-14 11:25:04','2013-02-14 11:25:04'),(380,192,'Bowls',1,11,1,3.99,'4.37','Thursday','2013-02-14 11:25:30','2013-02-14 11:25:30'),(381,193,'Bowls',1,11,1,3.99,'4.37','Thursday','2013-02-14 11:25:57','2013-02-14 11:25:57'),(382,194,'Bowls',1,11,1,3.99,'4.37','Thursday','2013-02-14 11:26:14','2013-02-14 11:26:14'),(383,195,'Bowls',1,11,1,3.99,'4.37','Thursday','2013-02-14 11:26:59','2013-02-14 11:26:59'),(384,196,'Bowls',1,11,1,3.99,'4.37','Thursday','2013-02-14 11:28:33','2013-02-14 11:28:33'),(385,196,'Dumplings',1,41,1,0.49,'0.54','Thursday','2013-02-14 11:28:33','2013-02-14 11:28:33'),(386,196,'Dumplings',1,40,1,0.49,'0.54','Thursday','2013-02-14 11:28:33','2013-02-14 11:28:33'),(387,197,'Bowls',1,7,1,5.50,'6.02','Thursday','2013-02-14 11:28:56','2013-02-14 11:28:56'),(388,198,'Bowls',1,11,2,NULL,'8.74','Thursday','2013-02-14 11:29:35','2013-02-14 11:29:35'),(389,199,'Bowls',1,2,1,5.85,'6.41','Thursday','2013-02-14 11:30:06','2013-02-14 11:30:06'),(390,199,'Dumplings',1,41,2,NULL,'1.07','Thursday','2013-02-14 11:30:06','2013-02-14 11:30:06'),(391,200,'Bowls',1,7,1,5.50,'6.02','Thursday','2013-02-14 11:30:44','2013-02-14 11:30:44'),(392,201,'Bowls',1,11,1,3.99,'4.37','Thursday','2013-02-14 11:36:55','2013-02-14 11:36:55'),(393,201,'Beverages',1,59,1,1.09,'1.19','Thursday','2013-02-14 11:36:55','2013-02-14 11:36:55'),(394,202,'Bowls',1,11,1,3.99,'4.37','Thursday','2013-02-14 11:42:34','2013-02-14 11:42:34'),(395,203,'Bowls',1,11,1,3.99,'4.37','Thursday','2013-02-14 11:47:47','2013-02-14 11:47:47'),(396,203,'Dumplings',1,41,3,NULL,'1.61','Thursday','2013-02-14 11:47:47','2013-02-14 11:47:47'),(397,204,'Bowls',1,11,1,3.99,'4.37','Thursday','2013-02-14 11:49:56','2013-02-14 11:49:56'),(398,204,'Dumplings',1,40,3,NULL,'1.61','Thursday','2013-02-14 11:49:56','2013-02-14 11:49:56'),(399,205,'Bowls',1,1,1,5.50,'6.02','Thursday','2013-02-14 12:11:14','2013-02-14 12:11:14'),(400,205,'Bowls',1,3,1,5.50,'6.02','Thursday','2013-02-14 12:11:14','2013-02-14 12:11:14'),(401,206,'Bowls',1,3,1,5.50,'6.02','Thursday','2013-02-14 12:12:51','2013-02-14 12:12:51'),(402,206,'Bowls',1,11,1,3.99,'4.37','Thursday','2013-02-14 12:12:51','2013-02-14 12:12:51'),(403,206,'Dumplings',1,41,3,NULL,'1.61','Thursday','2013-02-14 12:12:51','2013-02-14 12:12:51'),(404,207,'Bowls',1,11,1,3.99,'4.37','Thursday','2013-02-14 12:23:04','2013-02-14 12:23:04'),(405,208,'Bowls',1,11,1,3.99,'4.37','Thursday','2013-02-14 12:26:53','2013-02-14 12:26:53'),(406,208,'Dumplings',1,40,2,NULL,'1.07','Thursday','2013-02-14 12:26:53','2013-02-14 12:26:53'),(407,209,'Bowls',1,9,1,5.50,'6.02','Thursday','2013-02-14 12:42:33','2013-02-14 12:42:33'),(408,209,'Dumplings',1,40,1,0.49,'0.54','Thursday','2013-02-14 12:42:33','2013-02-14 12:42:33'),(409,209,'Dumplings',1,41,1,0.49,'0.54','Thursday','2013-02-14 12:42:33','2013-02-14 12:42:33'),(410,210,'Bowls',1,3,1,5.50,'6.02','Thursday','2013-02-14 12:50:49','2013-02-14 12:50:49'),(411,211,'Bowls',1,11,3,NULL,'13.11','Thursday','2013-02-14 12:58:00','2013-02-14 12:58:00'),(412,211,'Beverages',1,59,2,NULL,'2.39','Thursday','2013-02-14 12:58:00','2013-02-14 12:58:00'),(413,212,'Bowls',1,11,1,3.99,'4.37','Thursday','2013-02-14 13:00:06','2013-02-14 13:00:06'),(414,213,'Bowls',1,11,1,3.99,'4.37','Thursday','2013-02-14 13:22:50','2013-02-14 13:22:50'),(415,213,'Dumplings',1,40,1,0.49,'0.54','Thursday','2013-02-14 13:22:50','2013-02-14 13:22:50'),(416,213,'Dumplings',1,41,1,0.49,'0.54','Thursday','2013-02-14 13:22:50','2013-02-14 13:22:50'),(417,214,'Bowls',1,11,1,3.99,'4.37','Thursday','2013-02-14 13:25:58','2013-02-14 13:25:58'),(418,214,'Dumplings',1,40,1,0.49,'0.54','Thursday','2013-02-14 13:25:58','2013-02-14 13:25:58'),(419,214,'Dumplings',1,41,1,0.49,'0.54','Thursday','2013-02-14 13:25:58','2013-02-14 13:25:58'),(420,214,'Beverages',1,61,1,1.29,'1.41','Thursday','2013-02-14 13:25:58','2013-02-14 13:25:58'),(421,215,'Beverages',1,61,1,1.29,'1.41','Thursday','2013-02-14 13:37:51','2013-02-14 13:37:51'),(422,215,'Dumplings',1,41,2,NULL,'1.07','Thursday','2013-02-14 13:37:51','2013-02-14 13:37:51'),(423,215,'Extras',1,52,1,3.29,'3.60','Thursday','2013-02-14 13:37:51','2013-02-14 13:37:51'),(424,215,'Extras',1,48,1,0.99,'1.08','Thursday','2013-02-14 13:37:51','2013-02-14 13:37:51'),(425,216,'Beverages',1,62,1,1.99,'2.18','Thursday','2013-02-14 13:45:50','2013-02-14 13:45:50'),(426,217,'1 Entree',1,16,1,6.75,'7.39','Thursday','2013-02-14 13:46:47','2013-02-14 13:46:47'),(427,217,'Beverages',1,57,1,0.79,'0.87','Thursday','2013-02-14 13:46:47','2013-02-14 13:46:47'),(428,217,'Dumplings',1,40,3,NULL,'1.61','Thursday','2013-02-14 13:46:47','2013-02-14 13:46:47'),(429,217,'Dumplings',1,41,3,NULL,'1.61','Thursday','2013-02-14 13:46:47','2013-02-14 13:46:47'),(430,218,'1 Entree',1,13,1,6.75,'7.39','Thursday','2013-02-14 13:49:25','2013-02-14 13:49:25'),(431,218,'Dumplings',1,41,2,NULL,'1.07','Thursday','2013-02-14 13:49:25','2013-02-14 13:49:25'),(432,218,'Beverages',1,60,1,0.89,'0.97','Thursday','2013-02-14 13:49:25','2013-02-14 13:49:25'),(433,219,'1 Entree',1,13,1,6.75,'7.39','Thursday','2013-02-14 13:51:03','2013-02-14 13:51:03'),(434,220,'2 Entree',1,25,1,7.95,'8.71','Thursday','2013-02-14 13:57:09','2013-02-14 13:57:09'),(435,220,'2 Entree',1,35,1,0.00,'0.00','Thursday','2013-02-14 13:57:09','2013-02-14 13:57:09'),(436,220,'2 Entree',1,30,1,0.00,'0.00','Thursday','2013-02-14 13:57:09','2013-02-14 13:57:09'),(437,220,'Dumplings',1,40,1,0.49,'0.54','Thursday','2013-02-14 13:57:09','2013-02-14 13:57:09'),(438,220,'Dumplings',1,41,1,0.49,'0.54','Thursday','2013-02-14 13:57:09','2013-02-14 13:57:09'),(439,221,'Bowls',1,3,1,5.50,'6.02','Thursday','2013-02-14 14:05:52','2013-02-14 14:05:52'),(440,221,'Dumplings',1,40,3,NULL,'1.61','Thursday','2013-02-14 14:05:52','2013-02-14 14:05:52'),(441,221,'Beverages',1,61,1,1.29,'1.41','Thursday','2013-02-14 14:05:52','2013-02-14 14:05:52'),(442,222,'Bowls',1,1,1,5.50,'6.02','Thursday','2013-02-14 14:19:02','2013-02-14 14:19:02'),(443,223,'Bowls',1,5,1,5.50,'6.02','Thursday','2013-02-14 14:20:03','2013-02-14 14:20:03'),(444,224,'Bowls',1,5,1,5.50,'6.02','Thursday','2013-02-14 14:39:15','2013-02-14 14:39:15'),(445,224,'Dumplings',1,41,2,NULL,'1.07','Thursday','2013-02-14 14:39:15','2013-02-14 14:39:15'),(446,225,'Bowls',1,1,1,5.50,'6.02','Thursday','2013-02-14 14:51:19','2013-02-14 14:51:19'),(447,225,'Bowls',1,10,1,0.00,'0.00','Thursday','2013-02-14 14:51:19','2013-02-14 14:51:19'),(448,226,'Bowls',1,1,1,5.50,'6.02','Thursday','2013-02-14 15:30:44','2013-02-14 15:30:44'),(449,226,'Beverages',1,61,1,1.29,'1.41','Thursday','2013-02-14 15:30:44','2013-02-14 15:30:44'),(450,227,'Dumplings',1,40,5,NULL,'2.68','Thursday','2013-02-14 15:32:10','2013-02-14 15:32:10'),(451,227,'Dumplings',1,41,7,NULL,'3.76','Thursday','2013-02-14 15:32:10','2013-02-14 15:32:10'),(452,228,'Bowls',1,1,1,5.50,'6.02','Thursday','2013-02-14 15:35:38','2013-02-14 15:35:38'),(453,228,'Beverages',1,58,1,1.29,'1.41','Thursday','2013-02-14 15:35:38','2013-02-14 15:35:38'),(454,229,'1 Entree',1,13,1,6.75,'7.39','Thursday','2013-02-14 15:43:09','2013-02-14 15:43:09'),(455,229,'1 Entree',1,24,1,0.35,'0.38','Thursday','2013-02-14 15:43:09','2013-02-14 15:43:09'),(456,230,'Beverages',1,59,1,1.09,'1.19','Thursday','2013-02-14 15:45:51','2013-02-14 15:45:51'),(457,231,'Beverages',1,59,1,1.09,'1.19','Thursday','2013-02-14 16:28:19','2013-02-14 16:28:19'),(458,232,'Extras',1,52,1,3.29,'3.60','Thursday','2013-02-14 18:06:42','2013-02-14 18:06:42'),(459,232,'Dumplings',1,41,6,NULL,'3.22','Thursday','2013-02-14 18:06:42','2013-02-14 18:06:42'),(460,233,'1 Entree',1,13,1,6.75,'7.39','Thursday','2013-02-14 18:34:57','2013-02-14 18:34:57'),(461,233,'1 Entree',1,21,1,6.75,'7.39','Thursday','2013-02-14 18:34:57','2013-02-14 18:34:57'),(462,233,'Dumplings',1,41,8,NULL,'4.29','Thursday','2013-02-14 18:34:57','2013-02-14 18:34:57'),(463,233,'Beverages',1,57,1,0.79,'0.87','Thursday','2013-02-14 18:34:57','2013-02-14 18:34:57'),(464,233,'Beverages',1,61,1,1.29,'1.41','Thursday','2013-02-14 18:34:57','2013-02-14 18:34:57'),(465,234,'2 Entree',1,30,1,0.00,'0.00','Thursday','2013-02-14 18:44:55','2013-02-14 18:44:55'),(466,234,'2 Entree',1,25,1,7.95,'8.71','Thursday','2013-02-14 18:44:55','2013-02-14 18:44:55'),(467,234,'2 Entree',1,35,1,0.00,'0.00','Thursday','2013-02-14 18:44:55','2013-02-14 18:44:55'),(468,235,'Bowls',1,1,1,5.50,'6.02','Thursday','2013-02-14 19:19:00','2013-02-14 19:19:00'),(469,235,'Bowls',1,5,1,5.50,'6.02','Thursday','2013-02-14 19:19:00','2013-02-14 19:19:00'),(470,235,'Dumplings',1,40,3,NULL,'1.61','Thursday','2013-02-14 19:19:00','2013-02-14 19:19:00'),(471,235,'Dumplings',1,41,3,NULL,'1.61','Thursday','2013-02-14 19:19:00','2013-02-14 19:19:00'),(472,235,'Bowls',1,7,1,5.50,'6.02','Thursday','2013-02-14 19:19:00','2013-02-14 19:19:00'),(473,236,'Bowls',1,11,1,3.99,'4.37','Thursday','2013-02-14 19:25:30','2013-02-14 19:25:30'),(474,237,'1 Entree',1,17,1,6.75,'7.39','Thursday','2013-02-14 19:32:38','2013-02-14 19:32:38'),(475,238,'1 Entree',1,14,1,6.75,'7.39','Thursday','2013-02-14 20:00:31','2013-02-14 20:00:31'),(476,238,'1 Entree',1,21,1,6.75,'7.39','Thursday','2013-02-14 20:00:31','2013-02-14 20:00:31'),(477,239,'2 Entree',1,25,1,7.95,'8.71','Friday','2013-02-15 11:07:08','2013-02-15 11:07:08'),(478,239,'2 Entree',1,35,1,0.00,'0.00','Friday','2013-02-15 11:07:08','2013-02-15 11:07:08'),(479,239,'2 Entree',1,28,1,0.00,'0.00','Friday','2013-02-15 11:07:08','2013-02-15 11:07:08'),(480,240,'Bowls',1,7,1,5.50,'6.02','Friday','2013-02-15 11:51:28','2013-02-15 11:51:28'),(481,240,'Bowls',1,1,1,5.50,'6.02','Friday','2013-02-15 11:51:28','2013-02-15 11:51:28'),(482,240,'Bowls',1,12,1,0.35,'0.38','Friday','2013-02-15 11:51:28','2013-02-15 11:51:28'),(483,241,'Bowls',1,5,1,5.50,'6.02','Friday','2013-02-15 12:00:54','2013-02-15 12:00:54'),(484,242,'Bowls',1,7,1,5.50,'6.02','Friday','2013-02-15 12:01:36','2013-02-15 12:01:36'),(485,243,'Bowls',1,1,1,5.50,'6.02','Friday','2013-02-15 12:34:34','2013-02-15 12:34:34'),(486,243,'Bowls',1,10,1,0.00,'0.00','Friday','2013-02-15 12:34:34','2013-02-15 12:34:34'),(487,244,'Bowls',1,1,1,5.50,'6.02','Friday','2013-02-15 12:37:38','2013-02-15 12:37:38'),(488,244,'Bowls',1,10,1,0.00,'0.00','Friday','2013-02-15 12:37:38','2013-02-15 12:37:38'),(489,245,'2 Entree',1,25,1,7.95,'8.71','Friday','2013-02-15 12:38:57','2013-02-15 12:38:57'),(490,245,'2 Entree',1,29,1,0.00,'0.00','Friday','2013-02-15 12:38:57','2013-02-15 12:38:57'),(491,245,'2 Entree',1,30,1,0.00,'0.00','Friday','2013-02-15 12:38:57','2013-02-15 12:38:57'),(492,245,'Beverages',1,59,1,1.09,'1.19','Friday','2013-02-15 12:38:57','2013-02-15 12:38:57'),(493,245,'Dumplings',1,41,1,0.49,'0.54','Friday','2013-02-15 12:38:57','2013-02-15 12:38:57'),(494,246,'2 Entree',1,25,1,7.95,'8.71','Friday','2013-02-15 12:47:01','2013-02-15 12:47:01'),(495,246,'2 Entree',1,29,1,0.00,'0.00','Friday','2013-02-15 12:47:01','2013-02-15 12:47:01'),(496,246,'2 Entree',1,30,1,0.00,'0.00','Friday','2013-02-15 12:47:01','2013-02-15 12:47:01'),(497,246,'Beverages',1,59,1,1.09,'1.19','Friday','2013-02-15 12:47:01','2013-02-15 12:47:01'),(498,246,'Dumplings',1,41,1,0.49,'0.54','Friday','2013-02-15 12:47:01','2013-02-15 12:47:01'),(499,247,'1 Entree',1,13,1,6.75,'7.39','Friday','2013-02-15 12:49:58','2013-02-15 12:49:58'),(500,247,'Beverages',1,61,1,1.29,'1.41','Friday','2013-02-15 12:49:58','2013-02-15 12:49:58'),(501,247,'Bowls',1,9,1,5.50,'6.02','Friday','2013-02-15 12:49:58','2013-02-15 12:49:58'),(502,248,'Bowls',1,1,1,5.50,'6.02','Friday','2013-02-15 13:03:40','2013-02-15 13:03:40'),(503,248,'Dumplings',1,45,1,0.00,'0.00','Friday','2013-02-15 13:03:40','2013-02-15 13:03:40'),(504,248,'Beverages',1,59,1,1.09,'1.19','Friday','2013-02-15 13:03:40','2013-02-15 13:03:40'),(505,249,'Bowls',1,11,1,3.99,'4.37','Friday','2013-02-15 13:04:21','2013-02-15 13:04:21'),(506,250,'Bowls',1,11,1,3.99,'4.37','Friday','2013-02-15 13:06:51','2013-02-15 13:06:51'),(507,251,'Bowls',1,11,1,3.99,'4.37','Friday','2013-02-15 13:07:33','2013-02-15 13:07:33'),(508,251,'Beverages',1,59,1,1.09,'1.19','Friday','2013-02-15 13:07:33','2013-02-15 13:07:33'),(509,252,'Bowls',1,11,1,3.99,'4.37','Friday','2013-02-15 13:08:08','2013-02-15 13:08:08'),(510,253,'2 Entree',1,25,1,7.95,'8.71','Friday','2013-02-15 13:15:09','2013-02-15 13:15:09'),(511,253,'2 Entree',1,28,1,0.00,'0.00','Friday','2013-02-15 13:15:09','2013-02-15 13:15:09'),(512,253,'2 Entree',1,34,1,0.00,'0.00','Friday','2013-02-15 13:15:09','2013-02-15 13:15:09'),(513,253,'Beverages',1,61,1,1.29,'1.41','Friday','2013-02-15 13:15:09','2013-02-15 13:15:09'),(514,254,'1 Entree',1,14,1,6.75,'7.39','Friday','2013-02-15 13:24:07','2013-02-15 13:24:07'),(515,255,'Bowls',1,11,1,3.99,'4.37','Friday','2013-02-15 13:25:02','2013-02-15 13:25:02'),(516,256,'Bowls',1,4,1,5.50,'6.02','Friday','2013-02-15 13:30:00','2013-02-15 13:30:00'),(517,256,'Dumplings',1,40,4,NULL,'2.15','Friday','2013-02-15 13:30:00','2013-02-15 13:30:00'),(518,257,'Bowls',1,4,1,5.50,'6.02','Friday','2013-02-15 13:30:10','2013-02-15 13:30:10'),(519,257,'Dumplings',1,40,4,NULL,'2.15','Friday','2013-02-15 13:30:10','2013-02-15 13:30:10'),(520,258,'Bowls',1,4,1,5.50,'6.02','Friday','2013-02-15 13:30:39','2013-02-15 13:30:39'),(521,258,'Dumplings',1,40,4,NULL,'2.15','Friday','2013-02-15 13:30:39','2013-02-15 13:30:39'),(522,259,'1 Entree',1,20,1,6.75,'7.39','Friday','2013-02-15 13:35:31','2013-02-15 13:35:31'),(523,259,'Dumplings',1,40,2,NULL,'1.07','Friday','2013-02-15 13:35:31','2013-02-15 13:35:31'),(524,260,'1 Entree',1,17,1,6.75,'7.39','Friday','2013-02-15 13:37:35','2013-02-15 13:37:35'),(525,261,'1 Entree',1,15,1,6.75,'7.39','Friday','2013-02-15 13:39:23','2013-02-15 13:39:23'),(526,261,'Beverages',1,59,1,1.09,'1.19','Friday','2013-02-15 13:39:23','2013-02-15 13:39:23'),(527,262,'Bowls',1,3,1,5.50,'6.02','Friday','2013-02-15 13:59:01','2013-02-15 13:59:01'),(528,262,'Bowls',1,1,1,5.50,'6.02','Friday','2013-02-15 13:59:01','2013-02-15 13:59:01'),(529,262,'Dumplings',1,40,3,NULL,'1.61','Friday','2013-02-15 13:59:01','2013-02-15 13:59:01'),(530,263,'Bowls',1,1,1,5.50,'6.02','Friday','2013-02-15 14:47:41','2013-02-15 14:47:41'),(531,263,'Beverages',1,62,1,1.99,'2.18','Friday','2013-02-15 14:47:41','2013-02-15 14:47:41'),(532,264,'Bowls',1,1,1,5.50,'6.02','Friday','2013-02-15 14:48:49','2013-02-15 14:48:49'),(533,265,'Beverages',1,58,1,1.29,'1.41','Friday','2013-02-15 14:49:47','2013-02-15 14:49:47'),(534,266,'Extras',1,52,1,3.29,'3.60','Friday','2013-02-15 14:53:27','2013-02-15 14:53:27'),(535,267,'Extras',1,52,1,3.29,'3.60','Friday','2013-02-15 15:05:23','2013-02-15 15:05:23'),(536,268,'Bowls',1,1,1,5.50,'6.02','Friday','2013-02-15 15:23:11','2013-02-15 15:23:11'),(537,268,'Dumplings',1,41,4,NULL,'2.15','Friday','2013-02-15 15:23:11','2013-02-15 15:23:11'),(538,269,'Beverages',1,57,3,NULL,'2.60','Friday','2013-02-15 16:01:33','2013-02-15 16:01:33'),(539,269,'Beverages',1,58,3,NULL,'4.24','Friday','2013-02-15 16:01:33','2013-02-15 16:01:33'),(540,269,'2 Entree',1,25,3,NULL,'26.12','Friday','2013-02-15 16:01:33','2013-02-15 16:01:33'),(541,269,'2 Entree',1,35,2,NULL,'0.00','Friday','2013-02-15 16:01:33','2013-02-15 16:01:33'),(542,269,'2 Entree',1,29,1,0.00,'0.00','Friday','2013-02-15 16:01:33','2013-02-15 16:01:33'),(543,269,'2 Entree',1,32,1,0.00,'0.00','Friday','2013-02-15 16:01:33','2013-02-15 16:01:33'),(544,269,'2 Entree',1,28,1,0.00,'0.00','Friday','2013-02-15 16:01:33','2013-02-15 16:01:33'),(545,269,'2 Entree',1,34,1,0.00,'0.00','Friday','2013-02-15 16:01:33','2013-02-15 16:01:33'),(546,270,'Bowls',1,1,1,5.50,'6.02','Friday','2013-02-15 16:38:17','2013-02-15 16:38:17'),(547,270,'Beverages',1,61,1,1.29,'1.41','Friday','2013-02-15 16:38:17','2013-02-15 16:38:17'),(548,271,'2 Entree',1,25,1,7.95,'8.71','Friday','2013-02-15 17:09:56','2013-02-15 17:09:56'),(549,271,'2 Entree',1,27,1,0.00,'0.00','Friday','2013-02-15 17:09:56','2013-02-15 17:09:56'),(550,271,'2 Entree',1,35,1,0.00,'0.00','Friday','2013-02-15 17:09:56','2013-02-15 17:09:56'),(551,272,'1 Entree',1,15,1,6.75,'7.39','Friday','2013-02-15 17:27:38','2013-02-15 17:27:38'),(552,272,'1 Entree',1,22,1,3.37,'3.69','Friday','2013-02-15 17:27:38','2013-02-15 17:27:38'),(553,273,'Bowls',1,3,1,5.50,'6.02','Friday','2013-02-15 17:51:58','2013-02-15 17:51:58'),(554,273,'Bowls',1,6,1,5.50,'6.02','Friday','2013-02-15 17:51:58','2013-02-15 17:51:58'),(555,273,'Bowls',1,12,1,0.35,'0.38','Friday','2013-02-15 17:51:58','2013-02-15 17:51:58'),(556,273,'Dumplings',1,41,6,NULL,'3.22','Friday','2013-02-15 17:51:58','2013-02-15 17:51:58'),(557,274,'1 Entree',1,14,1,6.75,'7.39','Friday','2013-02-15 17:57:32','2013-02-15 17:57:32'),(558,275,'1 Entree',1,14,1,6.75,'7.39','Friday','2013-02-15 18:04:30','2013-02-15 18:04:30'),(559,275,'Bowls',1,6,1,5.50,'6.02','Friday','2013-02-15 18:04:30','2013-02-15 18:04:30'),(560,275,'Dumplings',1,40,2,NULL,'1.07','Friday','2013-02-15 18:04:30','2013-02-15 18:04:30'),(561,275,'Dumplings',1,41,2,NULL,'1.07','Friday','2013-02-15 18:04:30','2013-02-15 18:04:30'),(562,276,'2 Entree',1,25,1,7.95,'8.71','Friday','2013-02-15 18:05:47','2013-02-15 18:05:47'),(563,276,'2 Entree',1,27,1,0.00,'0.00','Friday','2013-02-15 18:05:47','2013-02-15 18:05:47'),(564,276,'2 Entree',1,30,1,0.00,'0.00','Friday','2013-02-15 18:05:48','2013-02-15 18:05:48'),(565,277,'Dumplings',1,40,5,NULL,'2.68','Friday','2013-02-15 18:06:30','2013-02-15 18:06:30'),(566,277,'Dumplings',1,41,5,NULL,'2.68','Friday','2013-02-15 18:06:30','2013-02-15 18:06:30'),(567,278,'Bowls',1,1,1,5.50,'6.02','Friday','2013-02-15 18:38:45','2013-02-15 18:38:45'),(568,278,'Dumplings',1,41,1,0.49,'0.54','Friday','2013-02-15 18:38:45','2013-02-15 18:38:45'),(569,279,'Bowls',1,6,1,5.50,'6.02','Friday','2013-02-15 18:41:08','2013-02-15 18:41:08'),(570,279,'1 Entree',1,22,1,3.37,'3.69','Friday','2013-02-15 18:41:08','2013-02-15 18:41:08'),(571,280,'Bowls',1,1,1,5.50,'6.02','Friday','2013-02-15 18:41:26','2013-02-15 18:41:26'),(572,280,'Beverages',1,60,1,0.89,'0.97','Friday','2013-02-15 18:41:26','2013-02-15 18:41:26'),(573,281,'2 Entree',1,25,1,7.95,'8.71','Friday','2013-02-15 18:44:53','2013-02-15 18:44:53'),(574,281,'2 Entree',1,28,1,0.00,'0.00','Friday','2013-02-15 18:44:53','2013-02-15 18:44:53'),(575,281,'2 Entree',1,30,1,0.00,'0.00','Friday','2013-02-15 18:44:53','2013-02-15 18:44:53'),(576,281,'Beverages',1,62,1,1.99,'2.18','Friday','2013-02-15 18:44:53','2013-02-15 18:44:53'),(577,281,'Bowls',1,6,2,NULL,'12.04','Friday','2013-02-15 18:44:53','2013-02-15 18:44:53'),(578,282,'2 Entree',1,25,1,7.95,'8.71','Friday','2013-02-15 19:18:23','2013-02-15 19:18:23'),(579,282,'2 Entree',1,32,1,0.00,'0.00','Friday','2013-02-15 19:18:23','2013-02-15 19:18:23'),(580,282,'2 Entree',1,35,1,0.00,'0.00','Friday','2013-02-15 19:18:23','2013-02-15 19:18:23'),(581,283,'2 Entree',1,29,1,0.00,'0.00','Sunday','2013-02-17 18:17:28','2013-02-17 18:17:28'),(582,283,'2 Entree',1,30,1,0.00,'0.00','Sunday','2013-02-17 18:17:28','2013-02-17 18:17:28'),(583,283,'2 Entree',1,32,1,0.00,'0.00','Sunday','2013-02-17 18:17:28','2013-02-17 18:17:28'),(584,283,'2 Entree',1,33,1,0.00,'0.00','Sunday','2013-02-17 18:17:28','2013-02-17 18:17:28');
/*!40000 ALTER TABLE `invoice_lineitems` ENABLE KEYS */;
UNLOCK TABLES;

--
-- Table structure for table `invoices`
--

DROP TABLE IF EXISTS `invoices`;
/*!40101 SET @saved_cs_client     = @@character_set_client */;
/*!40101 SET character_set_client = utf8 */;
CREATE TABLE `invoices` (
  `id` int(11) unsigned NOT NULL AUTO_INCREMENT,
  `invoice_number` int(11) NOT NULL,
  `company_id` int(11) NOT NULL,
  `before_tax` decimal(11,2) NOT NULL,
  `after_tax` decimal(11,2) NOT NULL,
  `payment_type` varchar(20) DEFAULT NULL,
  `payment_number` int(12) DEFAULT NULL,
  `credit_number` varchar(10) DEFAULT NULL,
  `check_number` varchar(10) DEFAULT NULL,
  `day_paid` varchar(10) DEFAULT NULL,
  `created` datetime NOT NULL,
  `modified` datetime NOT NULL,
  PRIMARY KEY (`id`)
) ENGINE=InnoDB AUTO_INCREMENT=284 DEFAULT CHARSET=latin1;
/*!40101 SET character_set_client = @saved_cs_client */;

--
-- Dumping data for table `invoices`
--

LOCK TABLES `invoices` WRITE;
/*!40000 ALTER TABLE `invoices` DISABLE KEYS */;
INSERT INTO `invoices` VALUES (3,3,1,'5.99','6.56','cash',NULL,'','','Monday','2013-02-11 12:07:47','2013-02-11 12:07:47'),(4,4,1,'12.74','13.95','cash',NULL,'','','Monday','2013-02-11 12:09:08','2013-02-11 12:09:08'),(5,5,1,'5.50','6.02','credit',NULL,'3051','','Monday','2013-02-11 12:12:09','2013-02-11 12:12:09'),(6,6,1,'5.50','6.02','credit',NULL,'','','Monday','2013-02-11 12:13:45','2013-02-11 12:13:45'),(7,7,1,'5.50','6.02','cash',NULL,'','','Monday','2013-02-11 12:14:57','2013-02-11 12:14:57'),(8,8,1,'5.50','6.02','credit',NULL,'3749','','Monday','2013-02-11 12:15:35','2013-02-11 12:15:35'),(9,9,1,'5.50','6.02','cash',NULL,'','','Monday','2013-02-11 12:16:20','2013-02-11 12:16:20'),(10,10,1,'5.50','6.02','credit',NULL,'8706','','Monday','2013-02-11 12:16:58','2013-02-11 12:16:58'),(11,11,1,'5.50','6.02','cash',NULL,'','','Monday','2013-02-11 12:19:20','2013-02-11 12:19:20'),(12,12,1,'5.50','6.02','cash',NULL,'','','Monday','2013-02-11 12:20:03','2013-02-11 12:20:03'),(13,13,1,'3.99','4.37','cash',NULL,'','','Monday','2013-02-11 12:21:12','2013-02-11 12:21:12'),(14,14,1,'13.73','15.03','credit',NULL,'2044','','Monday','2013-02-11 12:24:12','2013-02-11 12:24:12'),(15,15,1,'6.59','7.21','cash',NULL,'','','Monday','2013-02-11 12:25:33','2013-02-11 12:25:33'),(16,16,1,'5.50','6.02','cash',NULL,'','','Monday','2013-02-11 12:26:26','2013-02-11 12:26:26'),(17,17,1,'14.70','16.10','credit',NULL,'7011','','Monday','2013-02-11 12:28:29','2013-02-11 12:28:29'),(18,18,1,'4.97','5.44','credit',NULL,'2009','','Monday','2013-02-11 12:29:51','2013-02-11 12:29:51'),(19,19,1,'8.22','9.00','credit',NULL,'9984','','Monday','2013-02-11 12:44:37','2013-02-11 12:44:37'),(20,20,1,'6.75','7.39','cash',NULL,'','','Monday','2013-02-11 12:55:32','2013-02-11 12:55:32'),(21,21,1,'3.99','4.37','cash',NULL,'','','Monday','2013-02-11 13:12:35','2013-02-11 13:12:35'),(22,22,1,'3.99','4.37','cash',NULL,'','','Monday','2013-02-11 15:05:31','2013-02-11 15:05:31'),(23,23,1,'3.99','4.37','cash',NULL,'','','Monday','2013-02-11 15:08:34','2013-02-11 15:08:34'),(24,24,1,'5.50','6.02','cash',NULL,'','','Monday','2013-02-11 15:20:49','2013-02-11 15:20:49'),(25,25,1,'5.50','6.02','cash',NULL,'','','Monday','2013-02-11 15:21:38','2013-02-11 15:21:38'),(26,26,1,'1.09','1.19','cash',NULL,'','','Monday','2013-02-11 15:34:21','2013-02-11 15:34:21'),(27,27,1,'7.78','8.51','credit',NULL,'','','Monday','2013-02-11 16:35:05','2013-02-11 16:35:05'),(28,28,1,'16.50','18.06','credit',NULL,'','','Monday','2013-02-11 16:40:37','2013-02-11 16:40:37'),(29,29,1,'7.74','8.47','credit',NULL,'','','Monday','2013-02-11 18:03:14','2013-02-11 18:03:14'),(30,30,1,'8.83','9.66','credit',NULL,'','','Monday','2013-02-11 18:33:18','2013-02-11 18:33:18'),(31,31,1,'5.50','6.02','credit',NULL,'','','Monday','2013-02-11 18:50:50','2013-02-11 18:50:50'),(32,32,1,'7.74','8.47','cash',NULL,'','','Monday','2013-02-11 19:25:49','2013-02-11 19:25:49'),(33,33,1,'7.74','8.47','credit',NULL,'','','Monday','2013-02-11 19:28:23','2013-02-11 19:28:23'),(34,34,1,'8.94','9.79','credit',NULL,'','','Monday','2013-02-11 19:29:12','2013-02-11 19:29:12'),(35,35,1,'7.74','8.47','credit',NULL,'','','Monday','2013-02-11 19:31:13','2013-02-11 19:31:13'),(36,36,1,'3.99','4.37','credit',NULL,'0525','','Tuesday','2013-02-12 11:05:16','2013-02-12 11:05:16'),(37,37,1,'3.99','4.37','credit',NULL,'1035','','Tuesday','2013-02-12 11:06:21','2013-02-12 11:06:21'),(38,38,1,'3.99','4.37','credit',NULL,'4640','','Tuesday','2013-02-12 11:07:32','2013-02-12 11:07:32'),(39,39,1,'4.88','5.34','cash',NULL,'','','Tuesday','2013-02-12 11:08:28','2013-02-12 11:08:28'),(40,40,1,'8.13','8.91','credit',NULL,'0244','','Tuesday','2013-02-12 11:10:37','2013-02-12 11:10:37'),(41,41,1,'7.10','7.77','cash',NULL,'','','Tuesday','2013-02-12 11:12:37','2013-02-12 11:12:37'),(42,42,1,'6.75','7.39','cash',NULL,'','','Tuesday','2013-02-12 11:13:24','2013-02-12 11:13:24'),(43,43,1,'3.99','4.37','credit',NULL,'2357','','Tuesday','2013-02-12 11:13:51','2013-02-12 11:13:51'),(44,44,1,'5.50','6.02','cash',NULL,'','','Tuesday','2013-02-12 11:14:28','2013-02-12 11:14:28'),(45,45,1,'3.99','4.37','cash',NULL,'','','Tuesday','2013-02-12 11:15:02','2013-02-12 11:15:02'),(46,46,1,'3.99','4.37','credit',NULL,'9733','','Tuesday','2013-02-12 11:15:28','2013-02-12 11:15:28'),(47,47,1,'3.99','4.37','cash',NULL,'','','Tuesday','2013-02-12 11:16:28','2013-02-12 11:16:28'),(48,48,1,'3.99','4.37','cash',NULL,'','','Tuesday','2013-02-12 11:17:03','2013-02-12 11:17:03'),(49,49,1,'13.50','14.78','credit',NULL,'8509','','Tuesday','2013-02-12 11:18:44','2013-02-12 11:18:44'),(50,50,1,'5.50','6.02','cash',NULL,'','','Tuesday','2013-02-12 11:21:25','2013-02-12 11:21:25'),(51,51,1,'3.99','4.37','credit',NULL,'1243','','Tuesday','2013-02-12 11:24:06','2013-02-12 11:24:06'),(52,52,1,'7.73','8.46','credit',NULL,'9803','','Tuesday','2013-02-12 11:27:07','2013-02-12 11:27:07'),(53,53,1,'8.84','9.68','cash',NULL,'','','Tuesday','2013-02-12 11:31:33','2013-02-12 11:31:33'),(54,54,1,'4.48','4.91','cash',NULL,'','','Tuesday','2013-02-12 12:03:18','2013-02-12 12:03:18'),(55,55,1,'6.97','7.63','cash',NULL,'','','Tuesday','2013-02-12 12:04:08','2013-02-12 12:04:08'),(56,56,1,'7.46','8.17','credit',NULL,'0949','','Tuesday','2013-02-12 12:04:49','2013-02-12 12:04:49'),(57,57,1,'3.99','4.37','cash',NULL,'','','Tuesday','2013-02-12 12:06:04','2013-02-12 12:06:04'),(58,58,1,'4.48','4.91','cash',NULL,'','','Tuesday','2013-02-12 12:07:12','2013-02-12 12:07:12'),(59,59,1,'4.97','5.44','cash',NULL,'','','Tuesday','2013-02-12 12:08:01','2013-02-12 12:08:01'),(60,60,1,'5.50','6.02','cash',NULL,'','','Tuesday','2013-02-12 12:08:52','2013-02-12 12:08:52'),(61,61,1,'14.21','15.56','cash',NULL,'','','Tuesday','2013-02-12 12:10:51','2013-02-12 12:10:51'),(62,62,1,'3.99','4.37','credit',NULL,'3749','','Tuesday','2013-02-12 12:11:37','2013-02-12 12:11:37'),(63,63,1,'3.99','4.37','credit',NULL,'4032','','Tuesday','2013-02-12 12:12:38','2013-02-12 12:12:38'),(64,64,1,'3.99','4.37','credit',NULL,'4694','','Tuesday','2013-02-12 12:13:34','2013-02-12 12:13:34'),(65,65,1,'5.50','6.02','credit',NULL,'3051','','Tuesday','2013-02-12 12:14:26','2013-02-12 12:14:26'),(66,66,1,'3.99','4.37','cash',NULL,'','','Tuesday','2013-02-12 12:15:34','2013-02-12 12:15:34'),(67,67,1,'13.45','14.73','credit',NULL,'7754','','Tuesday','2013-02-12 12:20:33','2013-02-12 12:20:33'),(68,68,1,'5.99','6.56','credit',NULL,'3511','','Tuesday','2013-02-12 12:52:26','2013-02-12 12:52:26'),(69,69,1,'5.50','6.02','credit',NULL,'7818','','Tuesday','2013-02-12 12:53:50','2013-02-12 12:53:50'),(70,70,1,'6.75','7.39','cash',NULL,'','','Tuesday','2013-02-12 13:00:50','2013-02-12 13:00:50'),(71,71,1,'5.50','6.02','cash',NULL,'','','Tuesday','2013-02-12 13:23:56','2013-02-12 13:23:56'),(72,72,1,'3.99','4.37','cash',NULL,'','','Tuesday','2013-02-12 13:28:10','2013-02-12 13:28:10'),(73,73,1,'15.14','16.57','credit',NULL,'6753','','Tuesday','2013-02-12 13:41:02','2013-02-12 13:41:02'),(74,74,1,'5.50','6.02','cash',NULL,'','','Tuesday','2013-02-12 13:45:20','2013-02-12 13:45:20'),(75,75,1,'3.99','4.37','cash',NULL,'','','Tuesday','2013-02-12 15:16:16','2013-02-12 15:16:16'),(76,76,1,'12.09','13.23','credit',NULL,'4218','','Tuesday','2013-02-12 15:54:38','2013-02-12 15:54:38'),(77,77,1,'6.59','7.21','credit',NULL,'4640','','Tuesday','2013-02-12 15:56:31','2013-02-12 15:56:31'),(78,78,1,'6.75','7.39','cash',NULL,'','','Tuesday','2013-02-12 16:59:43','2013-02-12 16:59:43'),(79,79,1,'7.95','8.71','credit',NULL,'7604','','Tuesday','2013-02-12 17:08:48','2013-02-12 17:08:48'),(80,80,1,'5.50','6.02','cash',NULL,'','','Tuesday','2013-02-12 17:16:47','2013-02-12 17:16:47'),(81,81,1,'7.73','8.47','cash',NULL,'','','Tuesday','2013-02-12 17:31:14','2013-02-12 17:31:14'),(82,82,1,'6.75','7.39','cash',NULL,'','','Tuesday','2013-02-12 17:32:24','2013-02-12 17:32:24'),(83,83,1,'8.71','9.54','credit',NULL,'2619','','Tuesday','2013-02-12 17:37:13','2013-02-12 17:37:13'),(84,84,1,'15.46','16.92','credit',NULL,'7579','','Tuesday','2013-02-12 17:42:31','2013-02-12 17:42:31'),(85,85,1,'2.18','2.39','cash',NULL,'','','Tuesday','2013-02-12 17:44:57','2013-02-12 17:44:57'),(86,86,1,'6.75','7.39','credit',NULL,'2726','','Tuesday','2013-02-12 17:49:40','2013-02-12 17:49:40'),(87,87,1,'5.50','6.02','cash',NULL,'','','Tuesday','2013-02-12 18:01:00','2013-02-12 18:01:00'),(88,88,1,'3.99','4.37','cash',NULL,'','','Tuesday','2013-02-12 18:15:05','2013-02-12 18:15:05'),(89,89,1,'5.50','6.02','credit',NULL,'2361','','Tuesday','2013-02-12 18:35:18','2013-02-12 18:35:18'),(90,90,1,'7.95','8.71','credit',NULL,'8100','','Tuesday','2013-02-12 18:36:46','2013-02-12 18:36:46'),(91,91,1,'13.50','14.78','cash',NULL,'','','Tuesday','2013-02-12 18:48:45','2013-02-12 18:48:45'),(92,92,1,'13.50','14.78','cash',NULL,'','','Tuesday','2013-02-12 19:20:48','2013-02-12 19:20:48'),(93,93,1,'13.50','14.78','cash',NULL,'','','Tuesday','2013-02-12 19:32:42','2013-02-12 19:32:42'),(94,94,1,'13.50','14.78','cash',NULL,'','','Tuesday','2013-02-12 19:32:49','2013-02-12 19:32:49'),(95,95,1,'13.50','14.78','credit',NULL,'9054','','Tuesday','2013-02-12 19:33:19','2013-02-12 19:33:19'),(96,96,1,'3.99','4.37','cash',NULL,'','','Wednesday','2013-02-13 11:05:01','2013-02-13 11:05:01'),(97,97,1,'5.28','5.78','cash',NULL,'','','Wednesday','2013-02-13 11:06:38','2013-02-13 11:06:38'),(98,98,1,'3.99','4.37','cash',NULL,'','','Wednesday','2013-02-13 11:07:07','2013-02-13 11:07:07'),(99,99,1,'11.01','12.05','cash',NULL,'','','Wednesday','2013-02-13 11:10:45','2013-02-13 11:10:45'),(100,100,1,'3.99','4.37','cash',NULL,'','','Wednesday','2013-02-13 11:11:04','2013-02-13 11:11:04'),(101,101,1,'0.89','0.97','cash',NULL,'','','Wednesday','2013-02-13 11:11:15','2013-02-13 11:11:15'),(102,102,1,'4.88','5.34','cash',NULL,'','','Wednesday','2013-02-13 11:12:02','2013-02-13 11:12:02'),(103,103,1,'5.28','5.78','cash',NULL,'','','Wednesday','2013-02-13 11:13:00','2013-02-13 11:13:00'),(104,104,1,'3.99','4.37','cash',NULL,'','','Wednesday','2013-02-13 11:13:25','2013-02-13 11:13:25'),(105,105,1,'3.99','4.37','cash',NULL,'','','Wednesday','2013-02-13 11:14:02','2013-02-13 11:14:02'),(106,106,1,'3.99','4.37','credit',NULL,'2784','','Wednesday','2013-02-13 11:14:32','2013-02-13 11:14:32'),(107,107,1,'3.99','4.37','cash',NULL,'','','Wednesday','2013-02-13 11:15:29','2013-02-13 11:15:29'),(108,108,1,'5.50','6.02','cash',NULL,'','','Wednesday','2013-02-13 11:17:17','2013-02-13 11:17:17'),(109,109,1,'3.99','4.37','cash',NULL,'','','Wednesday','2013-02-13 11:24:53','2013-02-13 11:24:53'),(110,110,1,'5.28','5.78','cash',NULL,'','','Wednesday','2013-02-13 11:25:20','2013-02-13 11:25:20'),(111,111,1,'5.85','6.40','cash',NULL,'','','Wednesday','2013-02-13 11:40:05','2013-02-13 11:40:05'),(112,112,1,'5.85','6.40','credit',NULL,'6753','','Wednesday','2013-02-13 11:59:10','2013-02-13 11:59:10'),(113,113,1,'16.69','18.28','cash',NULL,'','','Wednesday','2013-02-13 12:05:37','2013-02-13 12:05:37'),(114,114,1,'9.04','9.90','credit',NULL,'6969','','Wednesday','2013-02-13 12:06:44','2013-02-13 12:06:44'),(115,115,1,'5.50','6.02','credit',NULL,'3051','','Wednesday','2013-02-13 12:08:38','2013-02-13 12:08:38'),(116,116,1,'3.99','4.37','cash',NULL,'','','Wednesday','2013-02-13 12:09:16','2013-02-13 12:09:16'),(117,117,1,'4.48','4.91','cash',NULL,'','','Wednesday','2013-02-13 12:09:53','2013-02-13 12:09:53'),(118,118,1,'3.99','4.37','cash',NULL,'','','Wednesday','2013-02-13 12:10:25','2013-02-13 12:10:25'),(119,119,1,'5.28','5.78','cash',NULL,'','','Wednesday','2013-02-13 12:11:03','2013-02-13 12:11:03'),(120,120,1,'8.30','9.09','cash',NULL,'','','Wednesday','2013-02-13 12:12:27','2013-02-13 12:12:27'),(121,121,1,'5.28','5.78','cash',NULL,'','','Wednesday','2013-02-13 12:13:11','2013-02-13 12:13:11'),(122,122,1,'3.99','4.37','cash',NULL,'','','Wednesday','2013-02-13 12:13:53','2013-02-13 12:13:53'),(123,123,1,'6.79','7.43','credit',NULL,'2044','','Wednesday','2013-02-13 12:15:09','2013-02-13 12:15:09'),(124,124,1,'9.39','10.28','cash',NULL,'','','Wednesday','2013-02-13 12:16:47','2013-02-13 12:16:47'),(125,125,1,'5.98','6.55','cash',NULL,'','','Wednesday','2013-02-13 12:17:24','2013-02-13 12:17:24'),(126,126,1,'2.94','3.22','cash',NULL,'','','Wednesday','2013-02-13 12:18:00','2013-02-13 12:18:00'),(127,127,1,'3.99','4.37','cash',NULL,'','','Wednesday','2013-02-13 12:18:56','2013-02-13 12:18:56'),(128,128,1,'5.98','6.55','cash',NULL,'','','Wednesday','2013-02-13 12:19:25','2013-02-13 12:19:25'),(129,129,1,'3.99','4.37','cash',NULL,'','','Wednesday','2013-02-13 12:20:52','2013-02-13 12:20:52'),(130,130,1,'1.09','1.19','cash',NULL,'','','Wednesday','2013-02-13 12:22:44','2013-02-13 12:22:44'),(131,131,1,'5.08','5.56','credit',NULL,'5990','','Wednesday','2013-02-13 12:23:31','2013-02-13 12:23:31'),(132,132,1,'3.99','4.37','cash',NULL,'','','Wednesday','2013-02-13 12:24:13','2013-02-13 12:24:13'),(133,133,1,'3.99','4.37','credit',NULL,'3067','','Wednesday','2013-02-13 12:24:36','2013-02-13 12:24:36'),(134,134,1,'3.99','4.37','cash',NULL,'','','Wednesday','2013-02-13 12:25:12','2013-02-13 12:25:12'),(135,135,1,'6.75','7.39','cash',NULL,'','','Wednesday','2013-02-13 12:26:13','2013-02-13 12:26:13'),(136,136,1,'7.10','7.77','cash',NULL,'','','Wednesday','2013-02-13 12:42:29','2013-02-13 12:42:29'),(137,137,1,'6.75','7.39','cash',NULL,'','','Wednesday','2013-02-13 12:54:53','2013-02-13 12:54:53'),(138,138,1,'14.43','15.79','cash',NULL,'','','Wednesday','2013-02-13 14:12:38','2013-02-13 14:12:38'),(139,139,1,'7.74','8.47','credit',NULL,'','','Wednesday','2013-02-13 16:09:18','2013-02-13 16:09:18'),(140,140,1,'5.50','6.02','cash',NULL,'','','Wednesday','2013-02-13 17:38:32','2013-02-13 17:38:32'),(141,141,1,'3.99','4.37','cash',NULL,'','','Wednesday','2013-02-13 17:46:06','2013-02-13 17:46:06'),(142,142,1,'17.88','19.58','credit',NULL,'','','Wednesday','2013-02-13 17:49:12','2013-02-13 17:49:12'),(143,143,1,'17.88','19.58','credit',NULL,'','','Wednesday','2013-02-13 17:51:06','2013-02-13 17:51:06'),(144,144,1,'5.85','6.40','credit',NULL,'','','Wednesday','2013-02-13 17:54:57','2013-02-13 17:54:57'),(145,145,1,'7.84','8.58','credit',NULL,'','','Wednesday','2013-02-13 18:05:23','2013-02-13 18:05:23'),(146,146,1,'7.84','8.58','credit',NULL,'','','Wednesday','2013-02-13 18:07:14','2013-02-13 18:07:14'),(147,147,1,'11.69','12.80','credit',NULL,'','','Wednesday','2013-02-13 18:08:05','2013-02-13 18:08:05'),(148,148,1,'8.71','9.54','credit',NULL,'','','Wednesday','2013-02-13 18:09:49','2013-02-13 18:09:49'),(149,149,1,'8.71','9.54','credit',NULL,'','','Wednesday','2013-02-13 18:12:27','2013-02-13 18:12:27'),(150,150,1,'5.50','6.02','credit',NULL,'','','Wednesday','2013-02-13 18:14:23','2013-02-13 18:14:23'),(151,151,1,'6.75','7.39','cash',NULL,'','','Wednesday','2013-02-13 18:16:12','2013-02-13 18:16:12'),(152,152,1,'13.72','15.02','credit',NULL,'','','Wednesday','2013-02-13 18:23:23','2013-02-13 18:23:23'),(153,153,1,'8.93','9.78','credit',NULL,'','','Wednesday','2013-02-13 18:28:11','2013-02-13 18:28:11'),(154,154,1,'8.93','9.78','credit',NULL,'','','Wednesday','2013-02-13 18:29:00','2013-02-13 18:29:00'),(155,155,1,'7.95','8.71','credit',NULL,'','','Wednesday','2013-02-13 18:35:53','2013-02-13 18:35:53'),(156,156,1,'8.44','9.24','credit',NULL,'','','Wednesday','2013-02-13 19:03:51','2013-02-13 19:03:51'),(157,157,1,'6.75','7.39','credit',NULL,'','','Wednesday','2013-02-13 19:21:00','2013-02-13 19:21:00'),(158,158,1,'5.50','6.02','credit',NULL,'','','Wednesday','2013-02-13 19:22:38','2013-02-13 19:22:38'),(159,159,1,'5.50','6.02','credit',NULL,'','','Wednesday','2013-02-13 19:23:08','2013-02-13 19:23:08'),(160,160,1,'14.70','16.10','credit',NULL,'','','Wednesday','2013-02-13 19:23:48','2013-02-13 19:23:48'),(161,161,1,'6.75','7.39','cash',NULL,'','','Wednesday','2013-02-13 19:26:21','2013-02-13 19:26:21'),(162,162,1,'15.52','16.99','cash',NULL,'','','Wednesday','2013-02-13 19:28:20','2013-02-13 19:28:20'),(163,163,1,'9.42','10.32','credit',NULL,'','','Wednesday','2013-02-13 19:32:55','2013-02-13 19:32:55'),(164,164,1,'14.59','15.97','credit',NULL,'','','Wednesday','2013-02-13 19:34:38','2013-02-13 19:34:38'),(165,165,1,'25.10','27.48','credit',NULL,'','','Wednesday','2013-02-13 19:51:18','2013-02-13 19:51:18'),(166,166,1,'6.75','7.39','credit',NULL,'','','Wednesday','2013-02-13 19:57:21','2013-02-13 19:57:21'),(167,167,1,'6.75','7.39','cash',NULL,'','','Thursday','2013-02-14 10:57:33','2013-02-14 10:57:33'),(168,168,1,'5.08','5.56','cash',NULL,'','','Thursday','2013-02-14 11:10:58','2013-02-14 11:10:58'),(169,169,1,'5.08','5.56','cash',NULL,'','','Thursday','2013-02-14 11:11:31','2013-02-14 11:11:31'),(170,170,1,'4.78','5.24','cash',NULL,'','','Thursday','2013-02-14 11:11:59','2013-02-14 11:11:59'),(171,171,1,'5.28','5.78','cash',NULL,'','','Thursday','2013-02-14 11:12:29','2013-02-14 11:12:29'),(172,172,1,'3.99','4.37','cash',NULL,'','','Thursday','2013-02-14 11:12:54','2013-02-14 11:12:54'),(173,173,1,'3.99','4.37','credit',NULL,'8452','','Thursday','2013-02-14 11:13:20','2013-02-14 11:13:20'),(174,174,1,'3.99','4.37','cash',NULL,'','','Thursday','2013-02-14 11:13:58','2013-02-14 11:13:58'),(175,175,1,'4.97','5.44','cash',NULL,'','','Thursday','2013-02-14 11:14:36','2013-02-14 11:14:36'),(176,176,1,'3.99','4.37','credit',NULL,'8926','','Thursday','2013-02-14 11:14:58','2013-02-14 11:14:58'),(177,177,1,'3.99','4.37','cash',NULL,'','','Thursday','2013-02-14 11:15:55','2013-02-14 11:15:55'),(178,178,1,'4.97','5.44','credit',NULL,'1243','','Thursday','2013-02-14 11:16:15','2013-02-14 11:16:15'),(179,179,1,'6.57','7.20','cash',NULL,'','','Thursday','2013-02-14 11:17:03','2013-02-14 11:17:03'),(180,180,1,'3.99','4.37','cash',NULL,'','','Thursday','2013-02-14 11:17:35','2013-02-14 11:17:35'),(181,181,1,'5.28','5.78','cash',NULL,'','','Thursday','2013-02-14 11:18:00','2013-02-14 11:18:00'),(182,182,1,'4.58','5.01','cash',NULL,'','','Thursday','2013-02-14 11:18:52','2013-02-14 11:18:52'),(183,183,1,'3.99','4.37','cash',NULL,'','','Thursday','2013-02-14 11:20:04','2013-02-14 11:20:04'),(184,184,1,'5.28','5.78','cash',NULL,'','','Thursday','2013-02-14 11:20:37','2013-02-14 11:20:37'),(185,185,1,'3.99','4.37','credit',NULL,'5990','','Thursday','2013-02-14 11:20:57','2013-02-14 11:20:57'),(186,186,1,'5.98','6.55','cash',NULL,'','','Thursday','2013-02-14 11:21:58','2013-02-14 11:21:58'),(187,187,1,'5.50','6.02','cash',NULL,'','','Thursday','2013-02-14 11:22:41','2013-02-14 11:22:41'),(188,188,1,'7.49','8.20','cash',NULL,'','','Thursday','2013-02-14 11:23:09','2013-02-14 11:23:09'),(189,189,1,'3.99','4.37','cash',NULL,'','','Thursday','2013-02-14 11:23:55','2013-02-14 11:23:55'),(190,190,1,'5.50','6.02','cash',NULL,'','','Thursday','2013-02-14 11:24:36','2013-02-14 11:24:36'),(191,191,1,'1.29','1.41','cash',NULL,'','','Thursday','2013-02-14 11:25:04','2013-02-14 11:25:04'),(192,192,1,'3.99','4.37','cash',NULL,'','','Thursday','2013-02-14 11:25:30','2013-02-14 11:25:30'),(193,193,1,'3.99','4.37','cash',NULL,'','','Thursday','2013-02-14 11:25:57','2013-02-14 11:25:57'),(194,194,1,'3.99','4.37','credit',NULL,'5320','','Thursday','2013-02-14 11:26:14','2013-02-14 11:26:14'),(195,195,1,'3.99','4.37','cash',NULL,'','','Thursday','2013-02-14 11:26:59','2013-02-14 11:26:59'),(196,196,1,'4.97','5.45','cash',NULL,'','','Thursday','2013-02-14 11:28:33','2013-02-14 11:28:33'),(197,197,1,'5.50','6.02','cash',NULL,'','','Thursday','2013-02-14 11:28:56','2013-02-14 11:28:56'),(198,198,1,'7.98','8.74','cash',NULL,'','','Thursday','2013-02-14 11:29:35','2013-02-14 11:29:35'),(199,199,1,'6.83','7.48','cash',NULL,'','','Thursday','2013-02-14 11:30:06','2013-02-14 11:30:06'),(200,200,1,'5.50','6.02','credit',NULL,'1657','','Thursday','2013-02-14 11:30:44','2013-02-14 11:30:44'),(201,201,1,'5.08','5.56','cash',NULL,'','','Thursday','2013-02-14 11:36:54','2013-02-14 11:36:54'),(202,202,1,'4.34','4.75','credit',NULL,'5023','','Thursday','2013-02-14 11:42:34','2013-02-14 11:42:34'),(203,203,1,'5.46','5.98','credit',NULL,'2658','','Thursday','2013-02-14 11:47:47','2013-02-14 11:47:47'),(204,204,1,'5.46','5.98','credit',NULL,'2947','','Thursday','2013-02-14 11:49:56','2013-02-14 11:49:56'),(205,205,1,'11.00','12.04','credit',NULL,'','','Thursday','2013-02-14 12:11:14','2013-02-14 12:11:14'),(206,206,1,'10.96','12.00','cash',NULL,'','','Thursday','2013-02-14 12:12:51','2013-02-14 12:12:51'),(207,207,1,'3.99','4.37','cash',NULL,'','','Thursday','2013-02-14 12:23:04','2013-02-14 12:23:04'),(208,208,1,'4.97','5.44','cash',NULL,'','','Thursday','2013-02-14 12:26:53','2013-02-14 12:26:53'),(209,209,1,'6.48','7.10','credit',NULL,'0933','','Thursday','2013-02-14 12:42:33','2013-02-14 12:42:33'),(210,210,1,'5.50','6.02','cash',NULL,'','','Thursday','2013-02-14 12:50:49','2013-02-14 12:50:49'),(211,211,1,'14.15','15.50','cash',NULL,'','','Thursday','2013-02-14 12:58:00','2013-02-14 12:58:00'),(212,212,1,'3.99','4.37','cash',NULL,'','','Thursday','2013-02-14 13:00:06','2013-02-14 13:00:06'),(213,213,1,'4.97','5.45','cash',NULL,'','','Thursday','2013-02-14 13:22:50','2013-02-14 13:22:50'),(214,214,1,'6.26','6.86','credit',NULL,'0750','','Thursday','2013-02-14 13:25:58','2013-02-14 13:25:58'),(215,215,1,'6.55','7.16','cash',NULL,'','','Thursday','2013-02-14 13:37:51','2013-02-14 13:37:51'),(216,216,1,'1.99','2.18','cash',NULL,'','','Thursday','2013-02-14 13:45:50','2013-02-14 13:45:50'),(217,217,1,'10.48','11.48','cash',NULL,'','','Thursday','2013-02-14 13:46:47','2013-02-14 13:46:47'),(218,218,1,'8.62','9.43','cash',NULL,'','','Thursday','2013-02-14 13:49:25','2013-02-14 13:49:25'),(219,219,1,'6.75','7.39','credit',NULL,'8388','','Thursday','2013-02-14 13:51:03','2013-02-14 13:51:03'),(220,220,1,'8.93','9.79','credit',NULL,'8509','','Thursday','2013-02-14 13:57:09','2013-02-14 13:57:09'),(221,221,1,'8.26','9.04','credit',NULL,'3292','','Thursday','2013-02-14 14:05:52','2013-02-14 14:05:52'),(222,222,1,'5.50','6.02','cash',NULL,'','','Thursday','2013-02-14 14:19:02','2013-02-14 14:19:02'),(223,223,1,'5.50','6.02','cash',NULL,'','','Thursday','2013-02-14 14:20:03','2013-02-14 14:20:03'),(224,224,1,'6.48','7.09','cash',NULL,'','','Thursday','2013-02-14 14:39:15','2013-02-14 14:39:15'),(225,225,1,'5.50','6.02','credit',NULL,'2992','','Thursday','2013-02-14 14:51:19','2013-02-14 14:51:19'),(226,226,1,'6.79','7.43','cash',NULL,'','','Thursday','2013-02-14 15:30:44','2013-02-14 15:30:44'),(227,227,1,'5.88','6.44','credit',NULL,'8326','','Thursday','2013-02-14 15:32:10','2013-02-14 15:32:10'),(228,228,1,'6.79','7.43','cash',NULL,'','','Thursday','2013-02-14 15:35:38','2013-02-14 15:35:38'),(229,229,1,'7.10','7.77','cash',NULL,'','','Thursday','2013-02-14 15:43:09','2013-02-14 15:43:09'),(230,230,1,'1.09','1.19','cash',NULL,'','','Thursday','2013-02-14 15:45:51','2013-02-14 15:45:51'),(231,231,1,'1.09','1.19','cash',NULL,'','','Thursday','2013-02-14 16:28:19','2013-02-14 16:28:19'),(232,232,1,'6.23','6.82','credit',NULL,'7940','','Thursday','2013-02-14 18:06:42','2013-02-14 18:06:42'),(233,233,1,'19.50','21.35','credit',NULL,'4153','','Thursday','2013-02-14 18:34:57','2013-02-14 18:34:57'),(234,234,1,'7.95','8.71','credit',NULL,'','','Thursday','2013-02-14 18:44:55','2013-02-14 18:44:55'),(235,235,1,'19.44','21.28','credit',NULL,'7017','','Thursday','2013-02-14 19:19:00','2013-02-14 19:19:00'),(236,236,1,'3.99','4.37','cash',NULL,'','','Thursday','2013-02-14 19:25:30','2013-02-14 19:25:30'),(237,237,1,'6.75','7.39','credit',NULL,'','','Thursday','2013-02-14 19:32:38','2013-02-14 19:32:38'),(238,238,1,'13.50','14.78','credit',NULL,'6767','','Thursday','2013-02-14 20:00:31','2013-02-14 20:00:31'),(239,239,1,'7.95','8.71','cash',NULL,'','','Friday','2013-02-15 11:07:08','2013-02-15 11:07:08'),(240,240,1,'11.35','12.42','credit',NULL,'','','Friday','2013-02-15 11:51:28','2013-02-15 11:51:28'),(241,241,1,'5.50','6.02','cash',NULL,'','','Friday','2013-02-15 12:00:54','2013-02-15 12:00:54'),(242,242,1,'5.50','6.02','cash',NULL,'','','Friday','2013-02-15 12:01:36','2013-02-15 12:01:36'),(243,243,1,'5.50','6.02','cash',NULL,'','','Friday','2013-02-15 12:34:34','2013-02-15 12:34:34'),(244,244,1,'5.50','6.02','cash',NULL,'','','Friday','2013-02-15 12:37:38','2013-02-15 12:37:38'),(245,245,1,'9.53','10.44','credit',NULL,'','','Friday','2013-02-15 12:38:57','2013-02-15 12:38:57'),(246,246,1,'9.53','10.44','credit',NULL,'','','Friday','2013-02-15 12:47:01','2013-02-15 12:47:01'),(247,247,1,'13.54','14.82','credit',NULL,'','','Friday','2013-02-15 12:49:58','2013-02-15 12:49:58'),(248,248,1,'6.59','7.21','cash',NULL,'','','Friday','2013-02-15 13:03:40','2013-02-15 13:03:40'),(249,249,1,'3.99','4.37','cash',NULL,'','','Friday','2013-02-15 13:04:21','2013-02-15 13:04:21'),(250,250,1,'3.99','4.37','cash',NULL,'','','Friday','2013-02-15 13:06:51','2013-02-15 13:06:51'),(251,251,1,'5.08','5.56','cash',NULL,'','','Friday','2013-02-15 13:07:33','2013-02-15 13:07:33'),(252,252,1,'3.99','4.37','cash',NULL,'','','Friday','2013-02-15 13:08:08','2013-02-15 13:08:08'),(253,253,1,'9.24','10.12','cash',NULL,'','','Friday','2013-02-15 13:15:09','2013-02-15 13:15:09'),(254,254,1,'6.75','7.39','credit',NULL,'','','Friday','2013-02-15 13:24:07','2013-02-15 13:24:07'),(255,255,1,'3.99','4.37','credit',NULL,'','','Friday','2013-02-15 13:25:02','2013-02-15 13:25:02'),(256,256,1,'7.46','8.17','credit',NULL,'','','Friday','2013-02-15 13:30:00','2013-02-15 13:30:00'),(257,257,1,'7.46','8.17','credit',NULL,'','','Friday','2013-02-15 13:30:10','2013-02-15 13:30:10'),(258,258,1,'7.46','8.17','credit',NULL,'','','Friday','2013-02-15 13:30:39','2013-02-15 13:30:39'),(259,259,1,'7.73','8.46','cash',NULL,'','','Friday','2013-02-15 13:35:31','2013-02-15 13:35:31'),(260,260,1,'6.75','7.39','cash',NULL,'','','Friday','2013-02-15 13:37:35','2013-02-15 13:37:35'),(261,261,1,'7.84','8.58','cash',NULL,'','','Friday','2013-02-15 13:39:23','2013-02-15 13:39:23'),(262,262,1,'12.47','13.65','cash',NULL,'','','Friday','2013-02-15 13:59:01','2013-02-15 13:59:01'),(263,263,1,'7.49','8.20','cash',NULL,'','','Friday','2013-02-15 14:47:41','2013-02-15 14:47:41'),(264,264,1,'5.50','6.02','cash',NULL,'','','Friday','2013-02-15 14:48:49','2013-02-15 14:48:49'),(265,265,1,'1.29','1.41','cash',NULL,'','','Friday','2013-02-15 14:49:47','2013-02-15 14:49:47'),(266,266,1,'3.29','3.60','cash',NULL,'','','Friday','2013-02-15 14:53:27','2013-02-15 14:53:27'),(267,267,1,'3.29','3.60','cash',NULL,'','','Friday','2013-02-15 15:05:23','2013-02-15 15:05:23'),(268,268,1,'7.46','8.17','cash',NULL,'','','Friday','2013-02-15 15:23:11','2013-02-15 15:23:11'),(269,269,1,'30.09','32.96','cash',NULL,'','','Friday','2013-02-15 16:01:33','2013-02-15 16:01:33'),(270,270,1,'6.79','7.43','credit',NULL,'7696','','Friday','2013-02-15 16:38:17','2013-02-15 16:38:17'),(271,271,1,'7.95','8.71','credit',NULL,'5589','','Friday','2013-02-15 17:09:56','2013-02-15 17:09:56'),(272,272,1,'10.12','11.08','credit',NULL,'1301','','Friday','2013-02-15 17:27:38','2013-02-15 17:27:38'),(273,273,1,'14.29','15.64','credit',NULL,'4095','','Friday','2013-02-15 17:51:58','2013-02-15 17:51:58'),(274,274,1,'6.75','7.39','cash',NULL,'','','Friday','2013-02-15 17:57:32','2013-02-15 17:57:32'),(275,275,1,'14.21','15.55','credit',NULL,'8049','','Friday','2013-02-15 18:04:30','2013-02-15 18:04:30'),(276,276,1,'7.95','8.71','credit',NULL,'3221','','Friday','2013-02-15 18:05:47','2013-02-15 18:05:47'),(277,277,1,'4.90','5.36','credit',NULL,'4688','','Friday','2013-02-15 18:06:30','2013-02-15 18:06:30'),(278,278,1,'5.99','6.56','cash',NULL,'','','Friday','2013-02-15 18:38:45','2013-02-15 18:38:45'),(279,279,1,'8.87','9.71','credit',NULL,'','','Friday','2013-02-15 18:41:08','2013-02-15 18:41:08'),(280,280,1,'6.39','6.99','cash',NULL,'','','Friday','2013-02-15 18:41:26','2013-02-15 18:41:26'),(281,281,1,'20.94','22.93','cash',NULL,'','','Friday','2013-02-15 18:44:53','2013-02-15 18:44:53'),(282,282,1,'7.95','8.71','credit',NULL,'4946','','Friday','2013-02-15 19:18:23','2013-02-15 19:18:23'),(283,283,1,'0.00','0.00','cash',NULL,'','','Sunday','2013-02-17 18:17:28','2013-02-17 18:17:28');
/*!40000 ALTER TABLE `invoices` ENABLE KEYS */;
UNLOCK TABLES;

--
-- Table structure for table `menu_items`
--

DROP TABLE IF EXISTS `menu_items`;
/*!40101 SET @saved_cs_client     = @@character_set_client */;
/*!40101 SET character_set_client = utf8 */;
CREATE TABLE `menu_items` (
  `menu_id` int(11) NOT NULL,
  `name` varchar(150) NOT NULL,
  `tier` int(3) DEFAULT NULL,
  `url` varchar(150) DEFAULT NULL,
  `orders` int(5) DEFAULT NULL,
  `icon` varchar(50) DEFAULT NULL,
  `created` datetime NOT NULL,
  `modified` datetime NOT NULL
) ENGINE=InnoDB DEFAULT CHARSET=latin1;
/*!40101 SET character_set_client = @saved_cs_client */;

--
-- Dumping data for table `menu_items`
--

LOCK TABLES `menu_items` WRITE;
/*!40000 ALTER TABLE `menu_items` DISABLE KEYS */;
INSERT INTO `menu_items` VALUES (0,'Dashboard',1,'Main Header',1,'NULL','2013-02-08 17:59:58','2013-02-08 17:59:58'),(0,'View Dashboard',3,'/admins/index',3,'NULL','2013-02-08 17:59:58','2013-02-08 17:59:58'),(0,'Dashboard Template',2,'Sub Header',2,'NULL','2013-02-08 17:59:58','2013-02-08 17:59:58'),(0,'Retract Order',3,'/admins/retract',4,'NULL','2013-02-08 17:59:58','2013-02-08 17:59:58'),(0,'Dashboard',1,'Main Header',1,'NULL','2013-02-08 18:17:29','2013-02-08 18:17:29'),(0,'Retract Order',3,'/admins/retract',4,'NULL','2013-02-08 18:17:29','2013-02-08 18:17:29'),(0,'Dashboard Template',2,'Sub Header',2,'NULL','2013-02-08 18:17:29','2013-02-08 18:17:29'),(0,'View Dashboard',3,'/admins/index',3,'NULL','2013-02-08 18:17:29','2013-02-08 18:17:29'),(1,'Dashboard',1,'Main Header',1,'icon-th','2013-02-08 18:55:54','2013-02-08 18:55:54'),(1,'Dashboard Template',2,'Sub Header',2,'NULL','2013-02-08 18:55:55','2013-02-08 18:55:55'),(1,'Category Template',2,'Sub Header',6,'NULL','2013-02-08 18:55:55','2013-02-08 18:55:55'),(1,'View Dashboard',3,'/admins/index',3,'NULL','2013-02-08 18:55:55','2013-02-08 18:55:55'),(1,'Orders',1,'Main Header',5,'icon-folder-close','2013-02-08 18:55:55','2013-02-08 18:55:55'),(1,'Retract Order',3,'/admins/retract',4,'NULL','2013-02-08 18:55:56','2013-02-08 18:55:56'),(1,'View Categories',3,'/categories/index',7,'NULL','2013-02-08 18:55:56','2013-02-08 18:55:56'),(1,'Add Category',3,'/categories/add',8,'NULL','2013-02-08 18:55:56','2013-02-08 18:55:56'),(1,'Orders Template',2,'Sub Header',9,'NULL','2013-02-08 18:55:57','2013-02-08 18:55:57'),(1,'View Orders',3,'/orders/index',10,'NULL','2013-02-08 18:55:57','2013-02-08 18:55:57'),(1,'Add Order',3,'/orders/add',11,'NULL','2013-02-08 18:55:57','2013-02-08 18:55:57'),(1,'Management',1,'Main Header',12,'icon-user','2013-02-08 18:55:57','2013-02-08 18:55:57'),(1,'Groups Template',2,'Sub Header',13,'NULL','2013-02-08 18:55:58','2013-02-08 18:55:58'),(1,'View Groups',3,'/groups/index',14,'NULL','2013-02-08 18:55:58','2013-02-08 18:55:58'),(1,'Add Groups',3,'/groups/add',15,'NULL','2013-02-08 18:55:58','2013-02-08 18:55:58'),(1,'Users Template',2,'Sub Header',16,'NULL','2013-02-08 18:55:58','2013-02-08 18:55:58'),(1,'View Users',3,'/users/index',17,'NULL','2013-02-08 18:55:59','2013-02-08 18:55:59'),(1,'Add Users',3,'/users/add',18,'NULL','2013-02-08 18:55:59','2013-02-08 18:55:59'),(1,'Setup',1,'Main Header',19,'icon-cog','2013-02-08 18:55:59','2013-02-08 18:55:59'),(1,'Taxes Template',2,'Sub Header',20,'NULL','2013-02-08 18:55:59','2013-02-08 18:55:59'),(1,'View Taxes',3,'/tax_infos/index',21,'NULL','2013-02-08 18:56:00','2013-02-08 18:56:00'),(1,'Add Taxes',3,'/tax_infos/add',22,'NULL','2013-02-08 18:56:00','2013-02-08 18:56:00'),(1,'Printers Template',2,'Sub Header',23,'NULL','2013-02-08 18:56:00','2013-02-08 18:56:00'),(1,'View Printers',3,'/printers/index',24,'NULL','2013-02-08 18:56:00','2013-02-08 18:56:00'),(1,'Add Printer',3,'/printers/add',25,'NULL','2013-02-08 18:56:00','2013-02-08 18:56:00'),(1,'Navigation Template',2,'Sub Header',26,'NULL','2013-02-08 18:56:01','2013-02-08 18:56:01'),(1,'View Navigation Menus',3,'/menus/index',27,'NULL','2013-02-08 18:56:01','2013-02-08 18:56:01'),(1,'Add Navigation Menu',3,'/menus/add',28,'NULL','2013-02-08 18:56:01','2013-02-08 18:56:01'),(1,'Reports',1,'Main Header',29,'icon-file','2013-02-08 18:56:01','2013-02-08 18:56:01'),(1,'Reports Template',2,'Sub Header',30,'NULL','2013-02-08 18:56:01','2013-02-08 18:56:01'),(1,'View Reports',3,'/reports/index',31,'NULL','2013-02-08 18:56:01','2013-02-08 18:56:01'),(2,'Dashboard',1,'Main Header',1,'icon-th','2013-02-08 19:08:31','2013-02-08 19:08:31'),(2,'View Dashboard',3,'/admins/index',3,'NULL','2013-02-08 19:08:31','2013-02-08 19:08:31'),(2,'Category Template',2,'Sub Header',6,'NULL','2013-02-08 19:08:32','2013-02-08 19:08:32'),(2,'Dashboard Template',2,'Sub Header',2,'NULL','2013-02-08 19:08:32','2013-02-08 19:08:32'),(2,'Orders',1,'Main Header',5,'icon-folder-close','2013-02-08 19:08:32','2013-02-08 19:08:32'),(2,'Retract Order',3,'/admins/retract',4,'NULL','2013-02-08 19:08:33','2013-02-08 19:08:33'),(2,'View Categories',3,'/categories/index',7,'NULL','2013-02-08 19:08:33','2013-02-08 19:08:33'),(2,'Add Category',3,'/categories/add',8,'NULL','2013-02-08 19:08:34','2013-02-08 19:08:34'),(2,'Orders Template',2,'Sub Header',9,'NULL','2013-02-08 19:08:34','2013-02-08 19:08:34'),(2,'View Orders',3,'/orders/index',10,'NULL','2013-02-08 19:08:34','2013-02-08 19:08:34'),(2,'Add Order',3,'/orders/add',11,'NULL','2013-02-08 19:08:34','2013-02-08 19:08:34'),(2,'Management',1,'Main Header',12,'icon-user','2013-02-08 19:08:35','2013-02-08 19:08:35'),(2,'Users Template',2,'Sub Header',13,'NULL','2013-02-08 19:08:35','2013-02-08 19:08:35'),(2,'View Users',3,'/users/index',14,'NULL','2013-02-08 19:08:35','2013-02-08 19:08:35'),(2,'Add User',3,'/users/add',15,'NULL','2013-02-08 19:08:35','2013-02-08 19:08:35'),(2,'Setup',1,'Main Header',16,'icon-cog','2013-02-08 19:08:36','2013-02-08 19:08:36'),(2,'Taxes Template',2,'Sub Header',17,'NULL','2013-02-08 19:08:36','2013-02-08 19:08:36'),(2,'View Taxes',3,'/tax_infos/index',18,'NULL','2013-02-08 19:08:36','2013-02-08 19:08:36'),(2,'Add Taxes',3,'/tax_infos/add',19,'NULL','2013-02-08 19:08:36','2013-02-08 19:08:36'),(2,'Printers Template',2,'Sub Header',20,'NULL','2013-02-08 19:08:37','2013-02-08 19:08:37'),(2,'View Printers',3,'/printers/index',21,'NULL','2013-02-08 19:08:37','2013-02-08 19:08:37'),(2,'Add Printers',3,'/printers/add',22,'NULL','2013-02-08 19:08:37','2013-02-08 19:08:37'),(2,'Reports',1,'Main Header',23,'icon-file','2013-02-08 19:08:37','2013-02-08 19:08:37'),(2,'Reports Template',2,'Sub Header',24,'NULL','2013-02-08 19:08:37','2013-02-08 19:08:37'),(2,'View Reports',3,'/reports/index',25,'NULL','2013-02-08 19:08:37','2013-02-08 19:08:37'),(3,'Dashboard',1,'Main Header',1,'icon-th','2013-02-08 19:15:04','2013-02-08 19:15:04'),(3,'View Dashboard',3,'/admins/index',3,'NULL','2013-02-08 19:15:04','2013-02-08 19:15:04'),(3,'Retract Order',3,'/admins/retract',4,'NULL','2013-02-08 19:15:04','2013-02-08 19:15:04'),(3,'Orders',1,'Main Header',5,'icon-folder-close','2013-02-08 19:15:04','2013-02-08 19:15:04'),(3,'Dashboard Template',2,'Sub Header',2,'NULL','2013-02-08 19:15:05','2013-02-08 19:15:05'),(3,'Category Template',2,'Sub Header',6,'NULL','2013-02-08 19:15:05','2013-02-08 19:15:05'),(3,'View Categories',3,'/categories/index',7,'NULL','2013-02-08 19:15:05','2013-02-08 19:15:05'),(3,'Orders Template',2,'Sub Header',8,'NULL','2013-02-08 19:15:05','2013-02-08 19:15:05'),(3,'View Orders',3,'/orders/index',9,'NULL','2013-02-08 19:15:06','2013-02-08 19:15:06'),(3,'Management',1,'Main Header',10,'icon-user','2013-02-08 19:15:06','2013-02-08 19:15:06'),(3,'Users Template',2,'Sub Header',11,'NULL','2013-02-08 19:15:06','2013-02-08 19:15:06'),(3,'View Users',3,'/users/index',12,'NULL','2013-02-08 19:15:06','2013-02-08 19:15:06'),(3,'Add User',3,'/users/add',13,'NULL','2013-02-08 19:15:07','2013-02-08 19:15:07'),(3,'Setup',1,'Main Header',14,'icon-cog','2013-02-08 19:15:07','2013-02-08 19:15:07'),(3,'Taxes Template',2,'Sub Header',15,'NULL','2013-02-08 19:15:07','2013-02-08 19:15:07'),(3,'View Taxes',3,'/tax_infos/view',16,'NULL','2013-02-08 19:15:08','2013-02-08 19:15:08'),(3,'Add Tax',3,'/tax_infos/add',17,'NULL','2013-02-08 19:15:08','2013-02-08 19:15:08'),(3,'Printer Template',2,'Sub Header',18,'NULL','2013-02-08 19:15:08','2013-02-08 19:15:08'),(3,'View Printer',3,'/printers/index',19,'NULL','2013-02-08 19:15:08','2013-02-08 19:15:08'),(3,'Add Printer',3,'/printers/add',20,'NULL','2013-02-08 19:15:08','2013-02-08 19:15:08'),(3,'Reports',1,'Main Header',21,'icon-file','2013-02-08 19:15:09','2013-02-08 19:15:09'),(3,'Reports Template',2,'Sub Header',22,'NULL','2013-02-08 19:15:09','2013-02-08 19:15:09'),(3,'View Reports',3,'/reports/index',23,'NULL','2013-02-08 19:15:09','2013-02-08 19:15:09'),(4,'Dashboard',1,'Main Header',1,'icon-th','2013-02-08 19:16:32','2013-02-08 19:16:32'),(4,'Retract Order',3,'/admins/retract',4,'NULL','2013-02-08 19:16:32','2013-02-08 19:16:32'),(4,'View Dashboard',3,'/admins/index',3,'NULL','2013-02-08 19:16:32','2013-02-08 19:16:32'),(4,'Dashboard Template',2,'Sub Header',2,'NULL','2013-02-08 19:16:32','2013-02-08 19:16:32'),(5,'Dashboard',1,'Main Header',1,'icon-th-large','2013-02-10 19:44:36','2013-02-10 19:44:36'),(5,'View Dashboard',3,'/admins/index',3,'NULL','2013-02-10 19:44:37','2013-02-10 19:44:37'),(5,'Categories Template',2,'Sub Header',6,'NULL','2013-02-10 19:44:37','2013-02-10 19:44:37'),(5,'Dashboard Template',2,'Sub Header',2,'NULL','2013-02-10 19:44:37','2013-02-10 19:44:37'),(5,'Orders',1,'Main Header',5,'icon-list-alt','2013-02-10 19:44:37','2013-02-10 19:44:37'),(5,'Retract Order',3,'/admins/retract',4,'NULL','2013-02-10 19:44:38','2013-02-10 19:44:38'),(5,'View Categories',3,'/categories/index',7,'NULL','2013-02-10 19:44:38','2013-02-10 19:44:38'),(5,'Add Category',3,'/categories/add',8,'NULL','2013-02-10 19:44:38','2013-02-10 19:44:38'),(5,'Orders Template',2,'Sub Header',9,'NULL','2013-02-10 19:44:39','2013-02-10 19:44:39'),(5,'View Orders',3,'/orders/index',10,'NULL','2013-02-10 19:44:39','2013-02-10 19:44:39'),(5,'Add Order',3,'/orders/add',11,'NULL','2013-02-10 19:44:39','2013-02-10 19:44:39'),(5,'Users',1,'Main Header',12,'icon-user','2013-02-10 19:44:39','2013-02-10 19:44:39'),(5,'Users Template',2,'Sub Header',13,'NULL','2013-02-10 19:44:40','2013-02-10 19:44:40'),(5,'View Users',3,'/users/index',14,'NULL','2013-02-10 19:44:40','2013-02-10 19:44:40'),(5,'Add User',3,'/users/add',15,'NULL','2013-02-10 19:44:40','2013-02-10 19:44:40'),(5,'Setup',1,'Main Header',16,'icon-wrench','2013-02-10 19:44:41','2013-02-10 19:44:41'),(5,'Tax Template',2,'Sub Header',17,'NULL','2013-02-10 19:44:41','2013-02-10 19:44:41'),(5,'View Tax',3,'/tax_infos/index',18,'NULL','2013-02-10 19:44:41','2013-02-10 19:44:41'),(5,'Add Tax',3,'/tax_infos/add',19,'NULL','2013-02-10 19:44:41','2013-02-10 19:44:41'),(5,'Navigation Template',2,'Sub Header',20,'NULL','2013-02-10 19:44:42','2013-02-10 19:44:42'),(5,'View Navigation',3,'/menus/index',21,'NULL','2013-02-10 19:44:42','2013-02-10 19:44:42'),(5,'Add Navigation',3,'/menus/add',22,'NULL','2013-02-10 19:44:42','2013-02-10 19:44:42'),(5,'Reports',1,'Main Header',23,'icon-folder-open','2013-02-10 19:44:43','2013-02-10 19:44:43'),(5,'Reports Template',2,'Sub Header',24,'NULL','2013-02-10 19:44:43','2013-02-10 19:44:43'),(5,'View Reports',3,'/reports/index',25,'NULL','2013-02-10 19:44:43','2013-02-10 19:44:43'),(6,'Dashboard',1,'Main Header',1,'icon-th-large','2013-02-10 19:49:07','2013-02-10 19:49:07'),(6,'Retract Order',3,'/admins/retract',4,'NULL','2013-02-10 19:49:07','2013-02-10 19:49:07'),(6,'Dashboard Template',2,'Sub Header',2,'NULL','2013-02-10 19:49:07','2013-02-10 19:49:07'),(6,'View Dashboard',3,'/admins/index',3,'NULL','2013-02-10 19:49:07','2013-02-10 19:49:07');
/*!40000 ALTER TABLE `menu_items` ENABLE KEYS */;
UNLOCK TABLES;

--
-- Table structure for table `menus`
--

DROP TABLE IF EXISTS `menus`;
/*!40101 SET @saved_cs_client     = @@character_set_client */;
/*!40101 SET character_set_client = utf8 */;
CREATE TABLE `menus` (
  `id` int(11) unsigned NOT NULL AUTO_INCREMENT,
  `name` varchar(100) DEFAULT NULL,
  `edit_menu` text,
  `created` datetime NOT NULL,
  `modified` datetime NOT NULL,
  PRIMARY KEY (`id`)
) ENGINE=InnoDB AUTO_INCREMENT=7 DEFAULT CHARSET=latin1;
/*!40101 SET character_set_client = @saved_cs_client */;

--
-- Dumping data for table `menus`
--

LOCK TABLES `menus` WRITE;
/*!40000 ALTER TABLE `menus` DISABLE KEYS */;
INSERT INTO `menus` VALUES (5,'Super Administrator','\n\n\n\n\n<li class=\"\" style=\"\" label=\"Dashboard\" icon=\"icon-th-large\" url=\"Main Header\"><div class=\"btn btn-large btn-block btn\" style=\"text-align:left;\"><span> <i id=\"icon_move_menu\" class=\"icon-move\"></i><span class=\"divisionUp\"><i class=\"icon-th-large\" chosen=\"icon-th-large\"></i> Dashboard - Main Header</span></span><button id=\"removeMenuRow\" name=\"Dashboard\" style=\"position:absolute;right:75px;\"><i class=\"icon-trash\"></i></button></div><ol tier=\"2\"><li class=\"\" style=\"\" label=\"Dashboard Template\" icon=\"\" url=\"Sub Header\"><div class=\"btn btn-large btn-block btn-warning\" style=\"text-align:left;\"><span> <i id=\"icon_move_menu\" class=\"icon-move\"></i><span class=\"divisionUp\"><i class=\"\" chosen=\"\"></i> Dashboard Template - Sub Header</span></span><button id=\"removeMenuRow\" name=\"Dashboard Template\" style=\"position:absolute;right:75px;\"><i class=\"icon-trash\"></i></button></div><ol tier=\"3\"><li class=\"\" style=\"\" label=\"View Dashboard\" icon=\"\" url=\"/admins/index\"><div class=\"btn btn-large btn-block btn btn-info\" style=\"text-align:left;\"><span> <i id=\"icon_move_menu\" class=\"icon-move\"></i><span class=\"divisionUp\"><i class=\"\" chosen=\"\"></i> View Dashboard - /admins/index</span></span><button id=\"removeMenuRow\" name=\"View Dashboard\" style=\"position:absolute;right:75px;\"><i class=\"icon-trash\"></i></button></div></li><li class=\"\" style=\"\" label=\"Retract Order\" icon=\"\" url=\"/admins/retract\"><div class=\"btn btn-large btn-block btn btn-info\" style=\"text-align:left;\"><span> <i id=\"icon_move_menu\" class=\"icon-move\"></i><span class=\"divisionUp\"><i class=\"\" chosen=\"\"></i> Retract Order - /admins/retract</span></span><button id=\"removeMenuRow\" name=\"Retract Order\" style=\"position:absolute;right:75px;\"><i class=\"icon-trash\"></i></button></div></li></ol></li></ol></li>=\"icon-list-alt\" url=\"Main Header\"><div class=\"btn btn-large btn-block btn\" style=\"text-align:left;\"><span> <i id=\"icon_move_menu\" class=\"icon-move\"></i><span class=\"divisionUp\"><i class=\"icon-list-alt\" chosen=\"icon-list-alt\"></i> Orders - Main Header</span></span><button id=\"removeMenuRow\" name=\"Orders\" style=\"position:absolute;right:75px;\"><i class=\"icon-trash\"></i></button></div><ol tier=\"2\"><li class=\"\" style=\"\" label=\"Categories Template\" icon=\"\" url=\"Sub Header\"><div class=\"btn btn-large btn-block btn-warning\" style=\"text-align:left;\"><span> <i id=\"icon_move_menu\" class=\"icon-move\"></i><span class=\"divisionUp\"><i class=\"\" chosen=\"\"></i> Categories Template - Sub Header</span></span><button id=\"removeMenuRow\" name=\"Categories Template\" style=\"position:absolute;right:75px;\"><i class=\"icon-trash\"></i></button></div><ol tier=\"3\"><li class=\"\" style=\"\" label=\"View Categories\" icon=\"\" url=\"/categories/index\"><div class=\"btn btn-large btn-block btn btn-info\" style=\"text-align:left;\"><span> <i id=\"icon_move_menu\" class=\"icon-move\"></i><span class=\"divisionUp\"><i class=\"\" chosen=\"\"></i> View Categories - /categories/index</span></span><button id=\"removeMenuRow\" name=\"View Categories\" style=\"position:absolute;right:75px;\"><i class=\"icon-trash\"></i></button></div></li><li class=\"\" style=\"\" label=\"Add Category\" icon=\"\" url=\"/categories/add\"><div class=\"btn btn-large btn-block btn btn-info\" style=\"text-align:left;\"><span> <i id=\"icon_move_menu\" class=\"icon-move\"></i><span class=\"divisionUp\"><i class=\"\" chosen=\"\"></i> Add Category - /categories/add</span></span><button id=\"removeMenuRow\" name=\"Add Category\" style=\"position:absolute;right:75px;\"><i class=\"icon-trash\"></i></button></div></li></ol></li><li class=\"\" style=\"\" label=\"Orders Template\" icon=\"\" url=\"Sub Header\"><div class=\"btn btn-large btn-block btn-warning\" style=\"text-align:left;\"><span> <i id=\"icon_move_menu\" class=\"icon-move\"></i><span class=\"divisionUp\"><i class=\"\" chosen=\"\"></i> Orders Template - Sub Header</span></span><button id=\"removeMenuRow\" name=\"Orders Template\" style=\"position:absolute;right:75px;\"><i class=\"icon-trash\"></i></button></div><ol tier=\"3\"><li class=\"\" style=\"\" label=\"View Orders\" icon=\"\" url=\"/orders/index\"><div class=\"btn btn-large btn-block btn btn-info\" style=\"text-align:left;\"><span> <i id=\"icon_move_menu\" class=\"icon-move\"></i><span class=\"divisionUp\"><i class=\"\" chosen=\"\"></i> View Orders - /orders/index</span></span><button id=\"removeMenuRow\" name=\"View Orders\" style=\"position:absolute;right:75px;\"><i class=\"icon-trash\"></i></button></div></li><li class=\"\" style=\"\" label=\"Add Order\" icon=\"\" url=\"/orders/add\"><div class=\"btn btn-large btn-block btn btn-info\" style=\"text-align:left;\"><span> <i id=\"icon_move_menu\" class=\"icon-move\"></i><span class=\"divisionUp\"><i class=\"\" chosen=\"\"></i> Add Order - /orders/add</span></span><button id=\"removeMenuRow\" name=\"Add Order\" style=\"position:absolute;right:75px;\"><i class=\"icon-trash\"></i></button></div></li></ol></li></ol></li><li class=\"\" style=\"\" label=\"Users\" icon=\"icon-user\" url=\"Main Header\"><div class=\"btn btn-large btn-block btn\" style=\"text-align:left;\"><span> <i id=\"icon_move_menu\" class=\"icon-move\"></i><span class=\"divisionUp\"><i class=\"icon-user\" chosen=\"icon-user\"></i> Users - Main Header</span></span><button id=\"removeMenuRow\" name=\"Users\" style=\"position:absolute;right:75px;\"><i class=\"icon-trash\"></i></button></div><ol tier=\"2\"><li class=\"\" style=\"\" label=\"Users Template\" icon=\"\" url=\"Sub Header\"><div class=\"btn btn-large btn-block btn-warning\" style=\"text-align:left;\"><span> <i id=\"icon_move_menu\" class=\"icon-move\"></i><span class=\"divisionUp\"><i class=\"\" chosen=\"\"></i> Users Template - Sub Header</span></span><button id=\"removeMenuRow\" name=\"Users Template\" style=\"position:absolute;right:75px;\"><i class=\"icon-trash\"></i></button></div><ol tier=\"3\"><li class=\"\" style=\"\" label=\"View Users\" icon=\"\" url=\"/users/index\"><div class=\"btn btn-large btn-block btn btn-info\" style=\"text-align:left;\"><span> <i id=\"icon_move_menu\" class=\"icon-move\"></i><span class=\"divisionUp\"><i class=\"\" chosen=\"\"></i> View Users - /users/index</span></span><button id=\"removeMenuRow\" name=\"View Users\" style=\"position:absolute;right:75px;\"><i class=\"icon-trash\"></i></button></div></li><li class=\"\" style=\"\" label=\"Add User\" icon=\"\" url=\"/users/add\"><div class=\"btn btn-large btn-block btn btn-info\" style=\"text-align:left;\"><span> <i id=\"icon_move_menu\" class=\"icon-move\"></i><span class=\"divisionUp\"><i class=\"\" chosen=\"\"></i> Add User - /users/add</span></span><button id=\"removeMenuRow\" name=\"Add User\" style=\"position:absolute;right:75px;\"><i class=\"icon-trash\"></i></button></div></li></ol></li></ol></li><li class=\"\" style=\"\" label=\"Setup\" icon=\"icon-wrench\" url=\"Main Header\"><div class=\"btn btn-large btn-block btn\" style=\"text-align:left;\"><span> <i id=\"icon_move_menu\" class=\"icon-move\"></i><span class=\"divisionUp\"><i class=\"icon-wrench\" chosen=\"icon-wrench\"></i> Setup - Main Header</span></span><button id=\"removeMenuRow\" name=\"Setup\" style=\"position:absolute;right:75px;\"><i class=\"icon-trash\"></i></button></div><ol tier=\"2\"><li class=\"\" style=\"\" label=\"Tax Template\" icon=\"\" url=\"Sub Header\"><div class=\"btn btn-large btn-block btn-warning\" style=\"text-align:left;\"><span> <i id=\"icon_move_menu\" class=\"icon-move\"></i><span class=\"divisionUp\"><i class=\"\" chosen=\"\"></i> Tax Template - Sub Header</span></span><button id=\"removeMenuRow\" name=\"Tax Template\" style=\"position:absolute;right:75px;\"><i class=\"icon-trash\"></i></button></div><ol tier=\"3\"><li class=\"\" style=\"\" label=\"View Tax\" icon=\"\" url=\"/tax_infos/index\"><div class=\"btn btn-large btn-block btn btn-info\" style=\"text-align:left;\"><span> <i id=\"icon_move_menu\" class=\"icon-move\"></i><span class=\"divisionUp\"><i class=\"\" chosen=\"\"></i> View Tax - /tax_infos/index</span></span><button id=\"removeMenuRow\" name=\"View Tax\" style=\"position:absolute;right:75px;\"><i class=\"icon-trash\"></i></button></div></li><li class=\"\" style=\"\" label=\"Add Tax\" icon=\"\" url=\"/tax_infos/add\"><div class=\"btn btn-large btn-block btn btn-info\" style=\"text-align:left;\"><span> <i id=\"icon_move_menu\" class=\"icon-move\"></i><span class=\"divisionUp\"><i class=\"\" chosen=\"\"></i> Add Tax - /tax_infos/add</span></span><button id=\"removeMenuRow\" name=\"Add Tax\" style=\"position:absolute;right:75px;\"><i class=\"icon-trash\"></i></button></div></li></ol></li><li class=\"\" style=\"\" label=\"Navigation Template\" icon=\"\" url=\"Sub Header\"><div class=\"btn btn-large btn-block btn-warning\" style=\"text-align:left;\"><span> <i id=\"icon_move_menu\" class=\"icon-move\"></i><span class=\"divisionUp\"><i class=\"\" chosen=\"\"></i> Navigation Template - Sub Header</span></span><button id=\"removeMenuRow\" name=\"Navigation Template\" style=\"position:absolute;right:75px;\"><i class=\"icon-trash\"></i></button></div><ol tier=\"3\"><li class=\"\" style=\"\" label=\"View Navigation\" icon=\"\" url=\"/menus/index\"><div class=\"btn btn-large btn-block btn btn-info\" style=\"text-align:left;\"><span> <i id=\"icon_move_menu\" class=\"icon-move\"></i><span class=\"divisionUp\"><i class=\"\" chosen=\"\"></i> View Navigation - /menus/index</span></span><button id=\"removeMenuRow\" name=\"View Navigation\" style=\"position:absolute;right:75px;\"><i class=\"icon-trash\"></i></button></div></li><li class=\"\" style=\"\" label=\"Add Navigation\" icon=\"\" url=\"/menus/add\"><div class=\"btn btn-large btn-block btn btn-info\" style=\"text-align:left;\"><span> <i id=\"icon_move_menu\" class=\"icon-move\"></i><span class=\"divisionUp\"><i class=\"\" chosen=\"\"></i> Add Navigation - /menus/add</span></span><button id=\"removeMenuRow\" name=\"Add Navigation\" style=\"position:absolute;right:75px;\"><i class=\"icon-trash\"></i></button></div></li></ol></li></ol></li><li label=\"Reports\" icon=\"icon-folder-open\" url=\"Main Header\"><div class=\"btn btn-large btn-block btn\" style=\"text-align:left;\"><span> <i id=\"icon_move_menu\" class=\"icon-move\"></i><span class=\"divisionUp\"><i class=\"icon-folder-open\" chosen=\"icon-folder-open\"></i> Reports - Main Header</span></span><button id=\"removeMenuRow\" name=\"Reports\" style=\"position:absolute;right:75px;\"><i class=\"icon-trash\"></i></button></div><ol tier=\"2\"><li class=\"\" style=\"\" label=\"Reports Template\" icon=\"\" url=\"Sub Header\"><div class=\"btn btn-large btn-block btn-warning\" style=\"text-align:left;\"><span> <i id=\"icon_move_menu\" class=\"icon-move\"></i><span class=\"divisionUp\"><i class=\"\" chosen=\"\"></i> Reports Template - Sub Header</span></span><button id=\"removeMenuRow\" name=\"Reports Template\" style=\"position:absolute;right:75px;\"><i class=\"icon-trash\"></i></button></div><ol tier=\"3\"><li class=\"\" style=\"\" label=\"View Reports\" icon=\"\" url=\"/reports/index\"><div class=\"btn btn-large btn-block btn btn-info\" style=\"text-align:left;\"><span> <i id=\"icon_move_menu\" class=\"icon-move\"></i><span class=\"divisionUp\"><i class=\"\" chosen=\"\"></i> View Reports - /reports/index</span></span><button id=\"removeMenuRow\" name=\"View Reports\" style=\"position:absolute;right:75px;\"><i class=\"icon-trash\"></i></button></div></li></ol></li></ol></li>\n<li label=\"Dashboard\" icon=\"icon-th-large\" url=\"Main Header\"><div class=\"btn btn-large btn-block btn\" style=\"text-align:left;\"><span> <i id=\"icon_move_menu\" class=\"icon-move\"></i><span class=\"divisionUp\"><i class=\"icon-th-large\" chosen=\"icon-th-large\"></i> Dashboard - Main Header</span></span><button id=\"removeMenuRow\" name=\"Dashboard\" style=\"position:absolute;right:75px;\"><i class=\"icon-trash\"></i></button></div><ol tier=\"2\"><li class=\"\" style=\"\" label=\"Dashboard Template\" icon=\"\" url=\"Sub Header\"><div class=\"btn btn-large btn-block btn-warning\" style=\"text-align:left;\"><span> <i id=\"icon_move_menu\" class=\"icon-move\"></i><span class=\"divisionUp\"><i class=\"\" chosen=\"\"></i> Dashboard Template - Sub Header</span></span><button id=\"removeMenuRow\" name=\"Dashboard Template\" style=\"position:absolute;right:75px;\"><i class=\"icon-trash\"></i></button></div><ol tier=\"3\"><li class=\"\" style=\"\" label=\"View Dashboard\" icon=\"\" url=\"/admins/index\"><div class=\"btn btn-large btn-block btn btn-info\" style=\"text-align:left;\"><span> <i id=\"icon_move_menu\" class=\"icon-move\"></i><span class=\"divisionUp\"><i class=\"\" chosen=\"\"></i> View Dashboard - /admins/index</span></span><button id=\"removeMenuRow\" name=\"View Dashboard\" style=\"position:absolute;right:75px;\"><i class=\"icon-trash\"></i></button></div></li><li class=\"\" style=\"\" label=\"Retract Order\" icon=\"\" url=\"/admins/retract\"><div class=\"btn btn-large btn-block btn btn-info\" style=\"text-align:left;\"><span> <i id=\"icon_move_menu\" class=\"icon-move\"></i><span class=\"divisionUp\"><i class=\"\" chosen=\"\"></i> Retract Order - /admins/retract</span></span><button id=\"removeMenuRow\" name=\"Retract Order\" style=\"position:absolute;right:75px;\"><i class=\"icon-trash\"></i></button></div></li></ol></li></ol></li>','2013-02-10 19:49:06','2013-02-10 19:49:06');
/*!40000 ALTER TABLE `menus` ENABLE KEYS */;
UNLOCK TABLES;

--
-- Table structure for table `orders`
--

DROP TABLE IF EXISTS `orders`;
/*!40101 SET @saved_cs_client     = @@character_set_client */;
/*!40101 SET character_set_client = utf8 */;
CREATE TABLE `orders` (
  `id` int(11) unsigned NOT NULL AUTO_INCREMENT,
  `company_id` int(11) NOT NULL,
  `order_list` int(5) DEFAULT NULL,
  `category` int(11) DEFAULT NULL,
  `name` varchar(50) NOT NULL,
  `description` text,
  `price` decimal(11,2) NOT NULL DEFAULT '0.00',
  `created` datetime NOT NULL,
  `modified` datetime NOT NULL,
  PRIMARY KEY (`id`)
) ENGINE=InnoDB AUTO_INCREMENT=63 DEFAULT CHARSET=latin1;
/*!40101 SET character_set_client = @saved_cs_client */;

--
-- Dumping data for table `orders`
--

LOCK TABLES `orders` WRITE;
/*!40000 ALTER TABLE `orders` DISABLE KEYS */;
INSERT INTO `orders` VALUES (1,1,NULL,1,'Chicken Teriyaki','','5.50','2013-02-10 19:52:36','2013-02-10 19:52:36'),(2,1,NULL,1,'Poja Wings','','5.85','2013-02-10 19:52:55','2013-02-10 19:53:32'),(3,1,NULL,1,'Spicy Chicken Teriyaki','','5.50','2013-02-10 19:53:52','2013-02-10 19:53:52'),(4,1,NULL,1,'Tofu Teriyaki','','5.50','2013-02-10 19:54:15','2013-02-10 19:54:15'),(5,1,NULL,1,'Spicy Pork Teriyaki','','5.50','2013-02-10 19:54:55','2013-02-10 19:54:55'),(6,1,NULL,1,'Chicken Katsu Bites','','5.50','2013-02-10 19:55:16','2013-02-10 19:55:16'),(7,1,NULL,1,'Poja Boneless Wings','','5.50','2013-02-10 19:55:33','2013-02-10 19:55:33'),(8,1,NULL,1,'Teriyaki BBQ Wings','','5.85','2013-02-10 19:58:10','2013-02-10 19:58:10'),(9,1,NULL,1,'Teriyaki BBQ Meatballs','','5.50','2013-02-10 19:58:39','2013-02-10 19:58:39'),(10,1,NULL,1,'Get 1 Free Chicken Teriyaki','','0.00','2013-02-10 19:58:55','2013-02-10 19:58:55'),(11,1,NULL,1,'Chicken Teriyaki Lunch Special','','3.99','2013-02-10 19:59:43','2013-02-10 19:59:43'),(12,1,NULL,1,'Brown Rice Upcharge','','0.35','2013-02-10 20:00:00','2013-02-10 20:00:00'),(13,1,NULL,2,'Chicken Teriyaki','','6.75','2013-02-10 20:00:29','2013-02-10 20:00:29'),(14,1,NULL,2,'Spicy Chicken Teriyaki','','6.75','2013-02-10 20:00:45','2013-02-10 20:00:45'),(15,1,NULL,2,'Tofu Teriyaki','','6.75','2013-02-10 20:00:57','2013-02-10 20:00:57'),(16,1,NULL,2,'Chicken Katsu Bites','','6.75','2013-02-10 20:01:15','2013-02-10 20:01:15'),(17,1,NULL,2,'Poja Boneless Wings','','6.75','2013-02-10 20:01:29','2013-02-10 20:01:29'),(18,1,NULL,2,'Poja Wings','','7.10','2013-02-10 20:01:45','2013-02-10 20:01:45'),(19,1,NULL,2,'Teriyaki BBQ Wings','','7.10','2013-02-10 20:02:09','2013-02-10 20:02:09'),(20,1,NULL,2,'Teriyaki BBQ Meatballs','','6.75','2013-02-10 20:02:34','2013-02-10 20:03:07'),(21,1,NULL,2,'Spicy Pork Teriyaki','','6.75','2013-02-10 20:03:31','2013-02-10 20:03:31'),(22,1,NULL,2,'1/2 Off Entree no wings','','3.37','2013-02-10 20:03:49','2013-02-10 20:03:49'),(23,1,NULL,2,'1/2 Off Entree with Wings','','3.55','2013-02-10 20:04:07','2013-02-10 20:04:07'),(24,1,NULL,2,'Brown Rice Upcharge','','0.35','2013-02-10 20:04:27','2013-02-10 20:04:27'),(25,1,NULL,3,'2 Entree','','7.95','2013-02-10 20:04:57','2013-02-10 20:04:57'),(26,1,NULL,3,'Wing Upcharge','','0.35','2013-02-10 20:05:14','2013-02-10 20:05:14'),(27,1,NULL,3,'Chicken Teriyaki','','0.00','2013-02-10 20:05:39','2013-02-10 20:05:39'),(28,1,NULL,3,'Spicy Chicken Teriyaki','','0.00','2013-02-10 20:05:59','2013-02-10 20:05:59'),(29,1,NULL,3,'Tofu Teriyaki','','0.00','2013-02-10 20:06:13','2013-02-10 20:06:13'),(30,1,NULL,3,'Chicken Katsu Bites','','0.00','2013-02-10 20:06:26','2013-02-10 20:06:26'),(31,1,NULL,3,'Poja Wings','','0.00','2013-02-10 20:13:45','2013-02-10 20:13:45'),(32,1,NULL,3,'Poja Boneless Wings','','0.00','2013-02-10 20:13:59','2013-02-10 20:13:59'),(33,1,NULL,3,'Teriyaki BBQ Wings','','0.00','2013-02-10 20:14:16','2013-02-10 20:14:16'),(34,1,NULL,3,'Teriyaki BBQ Meatballs','','0.00','2013-02-10 20:14:34','2013-02-10 20:14:34'),(35,1,NULL,3,'Spicy Pork Teriyaki','','0.00','2013-02-10 20:14:52','2013-02-10 20:14:52'),(36,1,NULL,3,'Buy One Get One 1/2 Off','','3.97','2013-02-10 20:15:06','2013-02-10 20:15:06'),(37,1,NULL,3,'Brown Rice Upcharge','','0.35','2013-02-10 20:15:18','2013-02-10 20:15:18'),(38,1,NULL,4,'Kimchi Pork Bao','','0.89','2013-02-10 20:15:40','2013-02-10 20:15:40'),(39,1,NULL,4,'BBQ Chicken Bao','','0.89','2013-02-10 20:15:55','2013-02-10 20:15:55'),(40,1,NULL,4,'Chicken Dumpling','','0.49','2013-02-10 20:16:13','2013-02-10 20:16:13'),(41,1,NULL,4,'Pork Dumpling','','0.49','2013-02-10 20:16:34','2013-02-10 20:16:34'),(42,1,NULL,4,'1 Free BBQ Chicken Steamed Bun','','0.00','2013-02-10 20:19:55','2013-02-10 20:19:55'),(43,1,NULL,4,'1 Free Kimchi/Pork Steamed Bun','','0.00','2013-02-10 20:20:10','2013-02-10 20:20:10'),(44,1,NULL,4,'1 Free Chicken Dumpling','','0.00','2013-02-10 20:20:41','2013-02-10 20:20:41'),(45,1,NULL,4,'1 Free Pork Dumpling','','0.00','2013-02-10 20:20:57','2013-02-10 20:20:57'),(46,1,NULL,5,'Potato Salad','','0.99','2013-02-10 20:21:15','2013-02-10 20:21:15'),(47,1,NULL,5,'Mac Salad','','0.99','2013-02-10 20:21:29','2013-02-10 20:21:29'),(48,1,NULL,5,'House Salad','','0.99','2013-02-10 20:21:42','2013-02-10 20:21:42'),(49,1,NULL,5,'Broccolli Salad','','0.99','2013-02-10 20:21:58','2013-02-10 20:21:58'),(50,1,NULL,5,'Steamed Veggies','','0.99','2013-02-10 20:22:15','2013-02-10 20:22:15'),(51,1,NULL,5,'Asian Pickles','','0.99','2013-02-10 20:22:31','2013-02-10 20:22:31'),(52,1,NULL,5,'Yakisoba Only','','3.29','2013-02-10 20:22:48','2013-02-10 20:22:48'),(53,1,NULL,5,'Fried Rice Only','','3.29','2013-02-10 20:23:04','2013-02-10 20:23:04'),(54,1,NULL,5,'Kimchi Fried Rice Only','','3.29','2013-02-10 20:23:21','2013-02-10 20:23:21'),(55,1,NULL,5,'White Rice Only','','1.40','2013-02-10 20:23:37','2013-02-10 20:23:37'),(56,1,NULL,5,'Brown Rice Only','','1.75','2013-02-10 20:23:53','2013-02-10 20:23:53'),(57,1,NULL,6,'Bottled Water','','0.79','2013-02-11 06:39:28','2013-02-11 06:39:28'),(58,1,NULL,6,'Gatorade','','1.29','2013-02-11 06:41:26','2013-02-11 06:41:26'),(59,1,NULL,6,'Bottled Soda','','1.09','2013-02-11 06:41:57','2013-02-11 06:41:57'),(60,1,NULL,6,'Can Soda','','0.89','2013-02-11 06:42:46','2013-02-11 06:42:46'),(61,1,NULL,6,'Snapple','','1.29','2013-02-11 06:43:09','2013-02-11 06:43:09'),(62,1,NULL,6,'Energy Drinks','','1.99','2013-02-11 06:43:29','2013-02-11 06:43:29');
/*!40000 ALTER TABLE `orders` ENABLE KEYS */;
UNLOCK TABLES;

--
-- Table structure for table `pages`
--

DROP TABLE IF EXISTS `pages`;
/*!40101 SET @saved_cs_client     = @@character_set_client */;
/*!40101 SET character_set_client = utf8 */;
CREATE TABLE `pages` (
  `id` int(11) NOT NULL AUTO_INCREMENT,
  `url` varchar(100) DEFAULT NULL,
  `relationship` int(1) DEFAULT NULL,
  `page_name` varchar(100) DEFAULT NULL,
  `parent_id` int(11) DEFAULT NULL,
  `title` varchar(150) DEFAULT NULL,
  `keywords` text,
  `description` text,
  `layout` varchar(50) DEFAULT NULL,
  `menu_id` int(3) DEFAULT NULL,
  `created` datetime NOT NULL,
  `modified` datetime NOT NULL,
  `status` int(2) DEFAULT NULL,
  PRIMARY KEY (`id`)
) ENGINE=InnoDB DEFAULT CHARSET=latin1;
/*!40101 SET character_set_client = @saved_cs_client */;

--
-- Dumping data for table `pages`
--

LOCK TABLES `pages` WRITE;
/*!40000 ALTER TABLE `pages` DISABLE KEYS */;
/*!40000 ALTER TABLE `pages` ENABLE KEYS */;
UNLOCK TABLES;

--
-- Table structure for table `tax_infos`
--

DROP TABLE IF EXISTS `tax_infos`;
/*!40101 SET @saved_cs_client     = @@character_set_client */;
/*!40101 SET character_set_client = utf8 */;
CREATE TABLE `tax_infos` (
  `id` int(11) unsigned NOT NULL AUTO_INCREMENT,
  `company_id` int(11) NOT NULL,
  `state` varchar(2) NOT NULL,
  `rate` decimal(6,4) DEFAULT NULL,
  `created` datetime NOT NULL,
  `modified` datetime NOT NULL,
  PRIMARY KEY (`id`)
) ENGINE=InnoDB AUTO_INCREMENT=3 DEFAULT CHARSET=latin1;
/*!40101 SET character_set_client = @saved_cs_client */;

--
-- Dumping data for table `tax_infos`
--

LOCK TABLES `tax_infos` WRITE;
/*!40000 ALTER TABLE `tax_infos` DISABLE KEYS */;
INSERT INTO `tax_infos` VALUES (2,1,'WA','9.5000','2013-02-08 18:12:47','2013-02-08 18:12:47');
/*!40000 ALTER TABLE `tax_infos` ENABLE KEYS */;
UNLOCK TABLES;

--
-- Table structure for table `users`
--

DROP TABLE IF EXISTS `users`;
/*!40101 SET @saved_cs_client     = @@character_set_client */;
/*!40101 SET character_set_client = utf8 */;
CREATE TABLE `users` (
  `id` int(11) NOT NULL AUTO_INCREMENT,
  `company_id` int(11) DEFAULT NULL,
  `username` varchar(255) NOT NULL,
  `password` char(40) NOT NULL,
  `group_id` int(11) NOT NULL,
  `created` datetime DEFAULT NULL,
  `modified` datetime DEFAULT NULL,
  PRIMARY KEY (`id`),
  UNIQUE KEY `username` (`username`)
) ENGINE=InnoDB AUTO_INCREMENT=4 DEFAULT CHARSET=latin1;
/*!40101 SET character_set_client = @saved_cs_client */;

--
-- Dumping data for table `users`
--

LOCK TABLES `users` WRITE;
/*!40000 ALTER TABLE `users` DISABLE KEYS */;
INSERT INTO `users` VALUES (1,1,'ydc2415','d32479828fb8f48ad50efd45c141014b56e74fb5',1,'2013-02-08 18:02:29','2013-02-08 18:02:29'),(2,1,'wondollaballa','c6563ff6967cae1eba5be343fa46c77f4b8a0876',4,'2013-02-08 19:21:19','2013-02-08 19:21:19'),(3,1,'juliechoung01','455f1dc4e3f2120a45eeaa45bdf908a0048a7265',1,'2013-02-10 20:09:46','2013-02-10 20:09:46');
/*!40000 ALTER TABLE `users` ENABLE KEYS */;
UNLOCK TABLES;
/*!40103 SET TIME_ZONE=@OLD_TIME_ZONE */;

/*!40101 SET SQL_MODE=@OLD_SQL_MODE */;
/*!40014 SET FOREIGN_KEY_CHECKS=@OLD_FOREIGN_KEY_CHECKS */;
/*!40014 SET UNIQUE_CHECKS=@OLD_UNIQUE_CHECKS */;
/*!40101 SET CHARACTER_SET_CLIENT=@OLD_CHARACTER_SET_CLIENT */;
/*!40101 SET CHARACTER_SET_RESULTS=@OLD_CHARACTER_SET_RESULTS */;
/*!40101 SET COLLATION_CONNECTION=@OLD_COLLATION_CONNECTION */;
/*!40111 SET SQL_NOTES=@OLD_SQL_NOTES */;

-- Dump completed on 2013-02-18  3:17:28
